FUA code,FUA name,FUA-code,X,Y,C_urban woody feature_FUA_%
AL001,Tirana,AL001,19.7796001,41.3387985,48.549466488
AL003,Elbasan,AL003,20.0557995,41.0553017,50.428206994
AL004,Shkodër,AL004,19.6004009,42.2663994,46.215726183
AL005,Vlorë,,19.4724998,40.4169998,29.848175581
AT001,Wien,*,16.4087009,48.282299,27.006669556
AT002,Graz,AT002,15.4849997,47.0167007,52.708308967
AT003,Linz,AT003,14.3323002,48.4095001,41.527214659
AT004,Salzburg,AT004,13.1542997,47.8198013,47.768946481
AT005,Innsbruck,AT005,11.2926998,47.1990013,42.805246700
AT006,Klagenfurt,AT006,14.4187002,46.6164017,64.375060696
BA001,Sarajevo,BA001,18.3490009,43.8522987,76.300118603
BA002,Banja Luka,BA002,17.1842995,44.8506012,60.044358999
BA003,Mostar,BA003,17.7539997,43.3907013,42.707967403
BA004,Tuzla,BA004,18.6306,44.4980011,62.010672465
BA005,Zenica,BA005,17.8897991,44.2131996,78.953904645
BE001,Bruxelles / Brussel,BE001,4.3340902,50.7529984,24.000867806
BE002,Antwerpen,*,4.46527,51.2737999,28.238180176
BE003,Gent,BE003,3.7008901,51.074501,17.562697164
BE004,Charleroi,BE004,4.4240298,50.3451996,27.125787137
BE005,Liège,BE005,5.5336699,50.594101,31.381839424
BE006,Brugge,BE006,3.22101,51.2019005,20.711562448
BE007,Namur,BE007,4.91608,50.4529991,31.951937735
BE008,Leuven,BE008,4.7872801,50.8883018,32.524012015
BE009,Mons,BE009,3.9144599,50.4490013,29.623930636
BE010,Kortrijk,BE010,3.2853899,50.8129005,13.120697545
BE011,Oostende,BE011,2.91558,51.1744003,7.944350041
BG001,Sofia,BG001,23.3771992,42.6921005,52.845776572
BG002,Plovdiv,BG002,24.7675991,42.1227989,35.544360630
BG003,Varna,BG003,27.6667004,43.1119995,52.559704333
BG004,Burgas,BG004,27.2639999,42.4150009,36.921283508
BG005,Pleven,BG005,24.5368004,43.4505005,17.950020596
BG006,Ruse,*,26.1049004,43.7896996,21.195270989
BG007,Vidin,BG007,22.8155994,44.0084,18.766673115
BG008,Stara Zagora,BG008,25.6364002,42.3661995,35.162904150
BG009,Sliven,BG009,26.3113003,42.6711006,47.442625271
BG010,Dobrich,BG010,27.7371006,43.5996017,19.018466391
BG011,Shumen,BG011,26.9552002,43.3077011,26.752615752
BG013,Yambol,BG013,26.4482002,42.3658981,13.029544098
BG014,Haskovo,BG014,25.5962009,41.8913002,30.272219114
BG015,Pazardzhik,BG015,24.3411999,42.2168007,16.749319765
BG016,Blagoevgrad,BG016,23.1079006,41.9636002,63.884952217
BG017,Veliko Tarnovo,BG017,25.5921001,43.0443993,56.734437892
BG018,Vratsa,BG018,23.6105995,43.2839012,40.685303933
CH001,Zürich,*,8.57969,47.3800011,39.348609902
CH002,Genève,*,6.1625099,46.337101,40.165675892
CH003,Basel,CH003,7.6816902,47.4724998,48.005765712
CH004,Bern,CH004,7.4370899,46.9384003,35.046808787
CH005,Lausanne,CH005,6.6112499,46.5960999,30.548106057
CH006,Winterthur,CH006,8.7396402,47.5088997,43.536732971
CH007,St. Gallen,CH007,9.3412199,47.4193001,36.471547637
CH008,Luzern,CH008,8.2650499,47.0597,38.056616773
CH009,Lugano,CH009,8.9427404,46.0418015,75.700898946
CH010,Biel/Bienne,CH010,7.2785101,47.1431999,48.113492004
CY001,Lefkosia,CY001,33.2299995,35.0390015,29.009532203
CY501,Lemesos,CY501,32.9766006,34.7610016,27.455550721
CZ001,Praha,CZ001,14.4500999,50.0266991,34.015541072
CZ002,Brno,CZ002,16.6114006,49.174099,36.885552308
CZ003,Ostrava,CZ003,18.3211002,49.7672005,39.195152438
CZ004,Plzeň,CZ004,13.3845997,49.7201004,44.253860179
CZ005,Ústí nad Labem,CZ005,14.0459995,50.6688995,54.664093210
CZ006,Olomouc,CZ006,17.2339993,49.6333008,28.071334913
CZ007,Liberec,CZ007,15.0469999,50.8350983,57.493470408
CZ008,České Budějovice,CZ008,14.4952002,48.9754982,39.454168521
CZ009,Hradec Králové,CZ009,15.8102999,50.2172012,28.283619805
CZ010,Pardubice,CZ010,15.7622995,50.0017014,26.642350056
CZ011,Zlín,CZ011,17.6508007,49.2188988,47.017154143
CZ013,Karlovy Vary,CZ013,12.908,50.271801,64.561544376
CZ014,Jihlava,CZ014,15.5972996,49.3787003,39.388048217
CZ016,Most,CZ016,13.5737,50.5695992,58.160324545
CZ018,Chomutov-Jirkov,*,13.3878002,50.4810982,46.742773089
DE001,Berlin,*,13.4573002,52.4141998,45.716170614
DE002,Hamburg,*,10.0297003,53.6257019,29.304076559
DE003,München,DE003,11.5360003,48.1925011,31.337387577
DE004,Köln,*,6.9242201,50.9541016,30.849744119
DE005,Frankfurt am Main,*,8.8910503,50.2066002,44.420788087
DE007,Stuttgart,*,9.3318796,48.7771988,40.890559065
DE008,Leipzig,DE008,12.6743002,51.3591995,23.040281099
DE009,Dresden,DE009,13.9177999,51.1509018,38.372560043
DE011,Düsseldorf,*,6.7870302,51.1987991,26.218369967
DE012,Bremen,*,8.9946604,53.0290985,22.285268717
DE013,Hannover,DE013,9.6033401,52.392601,30.445000414
DE014,Nürnberg,DE014,11.1103001,49.4245987,46.106316300
DE017,Bielefeld,DE017,8.5406199,52.0110016,33.661244325
DE018,Halle an der Saale,DE018,11.8743,51.4303017,12.137076139
DE019,Magdeburg,DE019,11.6208,52.2308998,27.815350533
DE020,Wiesbaden,DE020,8.1170597,50.1293983,58.147320297
DE021,Göttingen,*,9.8845997,51.6287994,42.077495561
DE025,Darmstadt,DE025,8.7747698,49.8596001,44.032161167
DE026,Trier,DE026,6.68961,49.7019005,54.702582413
DE027,Freiburg im Breisgau,DE027,7.9089999,47.9986,53.361867927
DE028,Regensburg,DE028,12.0103998,48.9388008,40.633760358
DE029,Frankfurt (Oder),DE029,14.4903002,52.3247986,39.317119897
DE030,Weimar,*,11.3683004,50.9721985,23.017855104
DE031,Schwerin,DE031,11.5310001,53.4546013,34.342893690
DE032,Erfurt,DE032,10.9357004,50.9369011,31.287850028
DE033,Augsburg,DE033,10.8685999,48.3823013,33.984831605
DE034,Bonn,*,7.2209101,50.7546005,42.413473651
DE035,Karlsruhe,DE035,8.5420599,49.0722008,41.720327093
DE036,Mönchengladbach,DE036,6.4119701,51.1671982,28.357438863
DE037,Mainz,*,8.1021404,49.9292984,19.166635618
DE038,Ruhrgebiet,*,7.1268401,51.5536003,30.620628064
DE039,Kiel,*,9.98069,54.2779007,20.675886555
DE040,Saarbrücken,DE040,7.0064001,49.3017998,48.699102446
DE042,Koblenz,DE042,7.36058,50.3334999,39.393068358
DE043,Rostock,DE043,12.2160997,53.9244003,25.022636447
DE044,Kaiserslautern,DE044,7.6022501,49.4888,54.788943474
DE045,Iserlohn,*,7.7130599,51.2626991,63.979136050
DE048,Wilhelmshaven,DE048,7.99892,53.5206985,15.991053654
DE050,Tübingen,DE050,8.9877596,48.4817009,42.980712849
DE051,Villingen-Schwenningen,DE051,8.4109802,48.0191002,52.484186296
DE052,Flensburg,DE052,9.5037403,54.6282997,14.732966283
DE053,Marburg,DE053,8.7380695,50.8368988,49.762582667
DE054,Konstanz,DE054,8.9101896,47.7981987,43.296225367
DE055,Neumünster,DE055,9.9846497,54.0810013,23.767966073
DE056,Brandenburg an der Havel,DE056,12.5193005,52.4026985,40.812277910
DE057,Gießen,*,8.8075199,50.5703011,43.725108801
DE058,Lüneburg,DE058,10.5733004,53.2326012,41.155771427
DE059,Bayreuth,DE059,11.5320997,49.9578018,50.412781064
DE060,Celle,DE060,10.1035004,52.7132988,56.075154971
DE061,Aschaffenburg,DE061,9.2325602,49.8851013,65.066450937
DE062,Bamberg,DE062,10.8844004,49.8931999,44.964239645
DE063,Plauen,DE063,12.2349997,50.4567986,49.873192294
DE064,Neubrandenburg,DE064,13.0155001,53.5672989,31.725036840
DE065,Fulda,DE065,9.7592096,50.5639,44.017557201
DE066,Kempten (Allgäu),DE066,10.2606001,47.5792999,47.646333113
DE067,Landshut,DE067,12.1936998,48.5570984,27.008688594
DE069,Rosenheim,DE069,12.1613998,47.8776016,44.468226333
DE071,Stralsund,DE071,12.9854002,54.2915001,24.274404362
DE072,Friedrichshafen,DE072,9.4008398,47.7333984,44.658481034
DE073,Offenburg,*,8.0162296,48.4208984,55.429439402
DE074,Görlitz,DE074,14.7508001,51.2256012,41.823800124
DE077,Schweinfurt,DE077,10.0922003,50.1338005,44.067994819
DE078,Greifswald,DE078,13.8366003,53.7773018,30.527325618
DE079,Wetzlar,*,8.3653202,50.6483002,61.549442138
DE081,Passau,DE081,13.3688002,48.5597,37.569646655
DE082,Dessau-Roßlau,DE082,12.2309999,51.8538017,45.553642049
DE083,Braunschweig-Salzgitter-Wolfsburg,DE083,10.5944004,52.3658981,31.346053943
DE084,Mannheim-Ludwigshafen,DE084,8.3943996,49.5028,43.627228588
DE504,Münster,*,7.4214201,51.885601,22.563618536
DE505,Chemnitz,DE505,12.9118004,50.8263016,33.297572090
DE507,Aachen,*,6.2168398,50.7280006,46.933963764
DE508,Krefeld,*,6.5796199,51.3454018,29.150329377
DE510,Lübeck,DE510,10.8100996,54.1500015,18.585362473
DE513,Kassel,DE513,9.4109697,51.3945999,45.505616854
DE516,Solingen,*,7.0662899,51.1623001,50.637747684
DE517,Osnabrück,DE517,8.04527,52.3759995,28.579425538
DE520,Oldenburg (Oldenburg),DE520,8.23528,53.0854988,25.541410047
DE522,Heidelberg,*,8.7602901,49.3718987,44.957939088
DE523,Paderborn,DE523,8.7194405,51.6641998,35.598075392
DE524,Würzburg,DE524,9.8864002,49.8532982,41.792479005
DE527,Bremerhaven,*,8.80371,53.6144981,19.257326176
DE529,Heilbronn,DE529,9.1900702,49.1750984,31.729376263
DE530,Remscheid,*,7.2243299,51.1827011,50.483630449
DE532,Ulm,DE532,9.9158897,48.3742981,33.879729201
DE533,Pforzheim,DE533,8.7334604,48.9089012,49.548729837
DE534,Ingolstadt,DE534,11.3676004,48.7504005,34.332781357
DE535,Gera,DE535,12.0754004,50.7706985,32.995663002
DE537,Reutlingen,DE537,9.3657598,48.4065018,46.691228103
DE539,Cottbus,DE539,14.4271002,51.7598991,50.069111030
DE540,Siegen,DE540,8.03263,50.8703995,70.511162492
DE542,Hildesheim,DE542,9.9435196,52.0901985,29.473640971
DE544,Zwickau,*,12.5257998,50.7508011,27.568301842
DE546,Wuppertal,*,7.1689501,51.2505989,46.217766659
DE547,Jena,*,11.7137003,50.9067001,44.538693514
DE548,Düren,DE548,6.4457002,50.8179016,27.167641194
DE549,Bocholt,*,6.89959,51.9613991,20.268079632
DK001,København,DK001,12.2250004,55.7714996,25.471390913
DK002,Århus,DK002,10.1653004,56.2879982,25.680468246
DK003,Odense,DK003,10.3703003,55.2699013,18.094595473
DK004,Aalborg,DK004,9.92346,57.1071014,20.680417473
EE001,Tallinn,EE001,24.9204998,59.3093987,63.552532007
EE002,Tartu,EE002,26.7413006,58.3678017,52.926868815
EE003,Narva,EE003,28.1088009,59.3541985,48.402583482
EL001,Athina,EL001,23.6933994,38.0435982,22.986349934
EL002,Thessaloniki,EL002,23.0879993,40.6156998,32.433292201
EL003,Patra,EL003,21.8414993,38.2136002,50.242788552
EL004,Irakleio,EL004,25.0706005,35.2944984,34.708321541
EL005,Larisa,EL005,22.4463997,39.6327019,9.999733238
EL006,Volos,EL006,22.9424,39.3793983,35.598713684
EL007,Ioannina,EL007,20.8460999,39.6568985,55.311230975
EL008,Kavala,EL008,24.4048996,41.0122986,45.469140056
EL009,Kalamata,EL009,22.1355991,37.1018982,65.718385888
ES001,Madrid,*,-3.7910199,40.3908005,27.443631137
ES002,Barcelona,ES002,2.0569899,41.5027008,52.304705971
ES003,Valencia,ES003,-0.562877,39.5307007,43.869996247
ES004,Sevilla,ES004,-5.8898301,37.3787994,28.338412763
ES005,Zaragoza,ES005,-0.832581,41.6871986,9.276020533
ES006,Málaga,ES006,-4.5676098,36.8021011,52.645116731
ES007,Murcia,ES007,-1.12906,37.9650002,37.968552793
ES008,Las Palmas,ES008,-15.5676003,28.0431995,31.172947675
ES009,Valladolid,ES009,-4.76088,41.5954018,23.478828213
ES010,Palma de Mallorca,ES010,2.8022001,39.5825996,41.175658825
ES011,Santiago de Compostela,ES011,-8.5230703,42.9062996,61.083934360
ES012,Vitoria/Gasteiz,ES012,-2.69942,42.8468018,42.117276802
ES013,Oviedo,*,-5.8926201,43.3562012,47.121843809
ES014,Pamplona/Iruña,ES014,-1.63028,42.894001,46.428224734
ES015,Santander,ES015,-3.85973,43.3862,30.132263210
ES016,Toledo,ES016,-4.06568,39.8297005,26.771498583
ES017,Badajoz,*,-6.9021802,38.8311005,43.094995912
ES018,Logroño,ES018,-2.44891,42.4542007,13.466230232
ES019,Bilbao,ES019,-3.0362799,43.2403984,62.958645254
ES020,Córdoba,ES020,-4.7396898,37.8717003,38.158428003
ES021,Alicante/Alacant,ES021,-0.499116,38.4071007,11.965811492
ES022,Vigo,ES022,-8.6117296,42.1781006,51.428775153
ES023,Gijón,ES023,-5.57934,43.4998016,44.356374703
ES025,Santa Cruz de Tenerife,ES025,-16.3582001,28.4281998,28.288378055
ES026,Coruña (A),ES026,-8.3659296,43.2550011,53.435392548
ES028,Reus,ES028,1.08219,41.1489983,56.835902816
ES031,Lugo,ES031,-7.5981002,43.0054016,54.916715676
ES033,Girona,ES033,2.78708,41.9558983,59.929701142
ES034,Cáceres,ES034,-6.4682298,39.4196014,39.756335034
ES035,Torrevieja,ES035,-0.712395,38.0037994,21.876819174
ES039,Avilés,ES039,-5.96313,43.5315018,47.256706668
ES040,Talavera de la Reina,ES040,-4.8941898,39.9552002,34.743333881
ES041,Palencia,ES041,-4.5239701,42.0045013,15.797650127
ES043,Ferrol,ES043,-8.1548405,43.5225983,49.950231474
ES044,Pontevedra,ES044,-8.57059,42.4519005,62.428096732
ES046,Gandia,ES046,-0.210099,38.9403992,54.775740379
ES048,Guadalajara,ES048,-3.1721201,40.6357994,20.895284894
ES050,Manresa,ES050,1.8256201,41.7584,48.055436014
ES053,Ciudad Real,ES053,-3.9318299,39.0056,24.184314837
ES054,Benidorm,ES054,-0.177395,38.5626984,36.483041227
ES057,Ponferrada,ES057,-6.5999999,42.5317993,49.037646316
ES059,Zamora,ES059,-5.7726898,41.5088997,8.980718768
ES070,Irun,ES070,-1.80198,43.3372002,58.705999022
ES072,Arrecife,ES072,-13.5761995,29.0858002,0.801957780
ES501,Granada,ES501,-3.5692,37.1680984,45.140761869
ES505,Elche/Elx,*,-0.650325,38.2400017,19.761412151
ES506,Cartagena,*,-0.979285,37.638401,21.906406588
ES508,Jerez de la Frontera,*,-5.9805999,36.6925011,20.134109600
ES510,Donostia-San Sebastián,ES510,-1.9533,43.2666016,66.530533152
ES514,Almería,ES514,-2.3642499,36.8851013,5.506891499
ES515,Burgos,ES515,-3.66307,42.3740005,16.772322031
ES516,Salamanca,ES516,-5.6694999,40.9580994,13.901399238
ES519,Albacete,ES519,-1.81031,38.9748001,8.037863597
ES520,Castellón/Castelló,ES520,-0.0308513,40.0317001,52.799025598
ES521,Huelva,ES521,-6.9342699,37.3652992,38.920703270
ES522,Cádiz,*,-6.1357498,36.5122986,14.441093648
ES523,León,ES523,-5.5873199,42.6707993,33.142236381
ES525,Tarragona,*,1.23733,41.1473007,42.362781891
ES527,Jaén,ES527,-3.83376,37.8088989,81.445196623
ES528,Lleida,ES528,0.605068,41.6347008,29.410125884
ES529,Ourense,ES529,-7.8559599,42.3135986,65.099874212
ES532,Algeciras,ES532,-5.5408502,36.1963005,61.065059090
ES533,Marbella,*,-4.8717399,36.5647011,59.869547926
ES537,Alcoy,ES537,-0.485118,38.6973991,61.940861020
ES538,Ávila,ES538,-4.6359801,40.5894012,25.015464880
ES542,Cuenca,ES542,-2.05953,40.1884995,69.015247085
ES543,Eivissa,ES543,1.40992,38.9831009,54.566164992
ES544,Linares,ES544,-3.6425099,38.0695,69.271350224
ES545,Lorca,ES545,-1.75919,37.6869011,27.861897497
ES546,Mérida,ES546,-6.3926802,38.9557991,45.107062243
ES547,Sagunto,ES547,-0.279817,39.6880989,61.629073214
ES550,Puerto de la Cruz,ES550,-16.5779991,28.3146992,25.188708235
ES552,Igualada,ES552,1.59342,41.5733986,53.432046674
FI001,Helsinki,FI001,24.8903999,60.3466988,58.744681831
FI002,Tampere,FI002,23.9223003,61.5421982,65.092459606
FI003,Turku,FI003,22.2598,60.5161018,58.854697945
FI004,Oulu,FI004,25.7940006,65.1160965,74.207602981
FI007,Lahti,FI007,25.7434998,61.0541992,62.067096919
FI008,Kuopio,FI008,27.8209991,62.8656006,67.958812570
FI009,Jyväskylä,FI009,25.8022995,62.2317009,72.303817339
FR001,Paris,*,2.3334301,48.8521996,28.908434883
FR003,Lyon,FR003,4.9065599,45.7577019,27.264769783
FR004,Toulouse,FR004,1.39036,43.5388985,21.343173244
FR006,Strasbourg,FR006,7.5606499,48.5862999,32.652346607
FR007,Bordeaux,FR007,-0.695595,44.7939987,61.298061789
FR008,Nantes,FR008,-1.58866,47.2512016,20.440278298
FR009,Lille,FR009,2.99277,50.6104012,15.446134148
FR010,Montpellier,FR010,3.77384,43.6873016,38.533387017
FR011,Saint-Etienne,FR011,4.3058901,45.4421005,43.649405391
FR012,Le Havre,FR012,0.298073,49.5732002,14.269974300
FR013,Rennes,FR013,-1.75306,48.0792007,18.517764401
FR014,Amiens,FR014,2.2776,49.9057999,17.157827079
FR016,Nancy,FR016,6.1824899,48.6380005,34.887905319
FR017,Metz,FR017,6.1791201,49.0808983,25.366222313
FR018,Reims,FR018,4.0411801,49.3213997,19.531683548
FR019,Orléans,FR019,1.9134099,47.8958015,38.641119066
FR020,Dijon,FR020,5.0576801,47.3478012,42.949478709
FR021,Poitiers,FR021,0.336995,46.5344009,24.933943674
FR022,Clermont-Ferrand,FR022,3.1440101,45.8073006,33.616428965
FR023,Caen,FR023,-0.419503,49.1197014,16.014956453
FR024,Limoges,FR024,1.27595,45.8216019,40.869872678
FR025,Besançon,FR025,6.0132098,47.2421989,51.972469264
FR026,Grenoble,FR026,5.70503,45.1469002,58.862219690
FR027,Ajaccio,,8.9035101,41.9793015,63.195222610
FR032,Toulon,FR032,6.0589499,43.1985016,59.234374451
FR034,Valenciennes,FR034,3.5192599,50.3432999,22.885131579
FR035,Tours,FR035,0.632468,47.3764992,34.745593534
FR036,Angers,FR036,-0.564742,47.4846992,22.329118724
FR037,Brest,FR037,-4.4488201,48.4560013,21.112600180
FR038,Le Mans,FR038,0.185016,47.9847984,30.165726728
FR039,Avignon,FR039,4.83916,43.9620018,29.310689233
FR040,Mulhouse,FR040,7.2484999,47.7871017,47.048955314
FR042,Dunkerque,FR042,2.32182,50.9444008,8.941216827
FR043,Perpignan,FR043,2.77916,42.6769981,37.975685794
FR044,Nîmes,FR044,4.3126402,43.8185997,33.532306016
FR045,Pau,FR045,-0.354284,43.3250008,36.836629574
FR046,Bayonne,FR046,-1.39609,43.4378014,50.124047483
FR047,Annemasse,FR047,6.2898998,46.2004013,42.015987397
FR048,Annecy,FR048,6.1289201,45.8844986,54.742724180
FR049,Lorient,FR049,-3.28913,47.8460007,38.576584319
FR050,Montbéliard,,6.6815,47.4735985,55.658252286
FR051,Troyes,FR051,4.0836401,48.2784004,28.757280059
FR052,Saint-Nazaire,FR052,-2.2046101,47.3939018,20.889713742
FR053,La Rochelle,FR053,-0.965185,46.1941986,9.176886397
FR056,Angoulême,,0.187144,45.6599007,33.398163956
FR057,Boulogne-sur-Mer,FR057,1.72929,50.6940994,30.811068574
FR058,Chambéry,FR058,5.91645,45.5820999,57.091564832
FR059,Chalon-sur-Saône,,4.8727002,46.7658005,31.451620695
FR060,Chartres,FR060,1.41012,48.3824005,10.600004299
FR061,Niort,,-0.436225,46.3146019,17.146794530
FR062,Calais,FR062,1.88662,50.8779984,17.651616279
FR063,Béziers,FR063,3.1775501,43.3805008,21.292954394
FR064,Arras,*,2.7174301,50.2492981,8.847076426
FR065,Bourges,FR065,2.45121,47.0653992,26.084020710
FR066,Saint-Brieuc,FR066,-2.75105,48.4658012,21.741842660
FR067,Quimper,,-4.1054101,47.9985008,23.953693536
FR068,Vannes,,-2.6979301,47.6866989,31.215057969
FR069,Cherbourg,FR069,-1.60032,49.571701,27.425036365
FR073,Tarbes,,0.10815,43.2644997,35.426964469
FR074,Compiègne,,2.8487301,49.4445,42.077638536
FR076,Belfort,FR076,6.8516402,47.6725998,60.818912990
FR077,Roanne,FR077,4.0169401,46.0547981,29.046375402
FR079,Saint-Quentin,FR079,3.3213,49.8501015,8.751711604
FR082,Beauvais,,2.06357,49.5013008,20.808730188
FR084,Creil,FR084,2.4579201,49.3013,41.580287007
FR086,Evreux,,1.07662,48.9916,25.887046806
FR090,Châteauroux,,1.66707,46.7895012,27.505261938
FR093,Brive-la-Gaillarde,,1.51831,45.1589012,52.347203164
FR096,Albi,,2.1818099,43.9351997,29.337906914
FR099,Fréjus,FR099,6.7165399,43.4634018,56.775283299
FR104,Châlons-en-Champagne,,4.3983998,48.9446983,9.205769764
FR203,Marseille,*,5.5582299,43.512001,50.358366869
FR205,Nice,FR205,7.0577798,43.9143982,63.983343624
FR207,Lens - Liévin,FR207,2.78456,50.4324989,18.454909639
FR208,Hénin - Carvin,FR207,2.9674201,50.4375992,17.566045952
FR209,Douai,*,3.1155701,50.3344994,17.066598482
FR214,Valence,FR214,4.9342599,44.9006004,34.226886567
FR215,Rouen,FR215,1.05549,49.4803009,29.290882934
FR304,Melun,FR304,2.79545,48.5253983,41.707976030
FR324,Martigues,FR324,4.9753299,43.424099,29.004417835
FR505,Charleville-Mézières,,4.6359301,49.7443008,45.370950768
FR506,Colmar,FR506,7.2986999,48.0868988,49.798815820
FR519,Cannes,*,6.9161201,43.5616989,63.789109490
HR001,Grad Zagreb,HR001,16.0328999,45.8054008,52.837244277
HR002,Rijeka,HR002,14.5115995,45.3614006,82.351111073
HR003,Slavonski Brod,HR003,18.0653992,45.1693993,40.573868093
HR004,Osijek,HR004,18.6112003,45.5405998,25.657539099
HR005,Split,HR005,16.5722008,43.6271019,23.971381309
HR006,Pula - Pola,HR006,13.9169998,44.9606018,57.589871508
HR007,Zadar,HR007,15.4623003,44.1444016,22.097415870
HU001,Budapest,*,19.1728992,47.4622993,31.277217849
HU002,Miskolc,HU002,20.8491001,48.1231995,33.799448223
HU003,Nyíregyháza,HU003,21.7581005,47.9860992,23.950379388
HU004,Pécs,HU004,18.2150002,46.0517998,38.237172520
HU005,Debrecen,HU005,21.7057991,47.5195999,33.111898415
HU006,Szeged,HU006,20.0261002,46.2989006,22.029725430
HU007,Gyõr,HU007,17.6040993,47.5993996,27.104805201
HU008,Kecskemét,HU008,19.6564999,46.884201,30.436202593
HU009,Székesfehérvár,HU009,18.4291992,47.0802994,19.432537950
HU010,Szombathely,HU010,16.6938992,47.1985016,33.712062812
HU011,Szolnok,HU011,20.2411003,47.1693993,11.744884591
HU012,Tatabánya,HU012,18.3311005,47.5517998,44.238563186
HU013,Veszprém,HU013,17.8560009,47.1130981,45.940972406
HU014,Békéscsaba,HU014,21.0258007,46.7066994,8.449634910
HU015,Kaposvár,HU015,17.7903996,46.3875008,34.726180135
HU016,Eger,*,20.3479996,47.9473991,57.457919114
HU017,Dunaújváros,HU017,18.8493996,46.9146996,14.773808293
HU018,Zalaegerszeg,HU018,16.8278008,46.7865982,46.822081381
HU019,Sopron,HU019,16.7668991,47.5943985,35.276575079
IE001,Dublin,IE001,-6.5868502,53.3059006,16.215362976
IE002,Cork,IE002,-8.50352,51.9292984,14.937295495
IE003,Limerick,IE003,-8.5501604,52.6195984,19.138114305
IE004,Galway,IE004,-8.9721498,53.2910004,15.329443333
IE005,Waterford,IE005,-7.2061801,52.2717018,17.845886791
IS001,Reykjavík,IS001,-21.0816002,64.4441986,1.558057114
IT001,Roma,*,12.6086998,41.9679985,45.767723553
IT002,Milano,*,9.1906099,45.4424019,14.798454609
IT003,Napoli,IT003,14.3487997,40.8647995,41.552469670
IT004,Torino,IT004,7.6510801,45.0839005,33.586801209
IT005,Palermo,IT005,13.2947998,37.9970016,29.541298184
IT006,Genova,IT006,8.9545097,44.5079002,79.589473142
IT007,Firenze,*,11.3322001,43.7612991,68.840181843
IT008,Bari,*,16.7576008,41.0304985,58.544522177
IT009,Bologna,*,11.3787003,44.4888992,29.513211890
IT010,Catania,*,15.0134001,37.5250015,39.297222961
IT011,Venezia,IT011,12.2354002,45.4416008,11.383408271
IT012,Verona,IT012,10.9743004,45.4333,24.793093247
IT013,Cremona,IT013,10.0612001,45.1520996,6.113526710
IT014,Trento,IT014,11.1752005,46.0831985,76.709298192
IT015,Trieste,IT015,13.7643003,45.6901016,59.846024862
IT016,Perugia,IT016,12.3374004,43.0876999,36.724180897
IT017,Ancona,IT017,13.4434996,43.5500984,13.211840508
IT019,Pescara,IT019,14.1686001,42.4445992,30.991357024
IT020,Campobasso,IT020,14.7110996,41.5718002,39.622671039
IT021,Caserta,IT021,14.3492002,41.0942001,44.255373030
IT022,Taranto,IT022,17.3083992,40.4934998,30.902125491
IT023,Potenza,IT023,15.8484001,40.6394997,47.048928364
IT024,Catanzaro,IT024,16.5695,38.9492989,67.207495369
IT025,Reggio di Calabria,IT025,15.7321997,38.1040001,49.863543614
IT026,Sassari,IT026,8.4819698,40.7247009,27.293733415
IT027,Cagliari,IT027,9.0911598,39.3120995,32.814173147
IT028,Padova,IT028,11.8766003,45.3804016,10.516593078
IT029,Brescia,IT029,10.1912003,45.5228996,25.327396321
IT030,Modena,*,10.9689999,44.6562996,12.787940333
IT031,Foggia,*,15.5036001,41.4037018,7.249141974
IT032,Salerno,*,14.8613997,40.7114983,69.260857815
IT033,Piacenza,IT033,9.66745,44.9632988,16.544701437
IT034,Bolzano,IT034,11.3901997,46.5461998,73.529860926
IT035,Udine,IT035,13.2153997,46.0824013,25.000807023
IT036,La Spezia,IT036,9.8693399,44.1542015,75.725035183
IT037,Lecce,IT037,18.1713009,40.3554993,42.656589143
IT038,Barletta,*,16.2171001,41.2896004,44.595396176
IT039,Pesaro,IT039,12.8298998,43.8644981,23.017049334
IT040,Como,IT040,9.1092596,45.8333015,63.088430747
IT041,Pisa,*,10.4057999,43.7090988,35.651075989
IT042,Treviso,IT042,12.2257004,45.6744995,11.915470148
IT043,Varese,IT043,8.8176603,45.8375015,62.591129813
IT045,Asti,IT045,8.2105598,44.9233017,46.047583929
IT046,Pavia,IT046,9.1619501,45.160099,14.801675156
IT047,Massa,IT047,10.1624002,44.0479012,60.428855490
IT048,Cosenza,IT048,16.3630009,39.2887001,75.015016944
IT052,Savona,IT052,8.4314804,44.3522987,85.433437353
IT054,Matera,*,16.5867004,40.5937996,26.273387866
IT056,Acireale,IT056,15.1554003,37.6493988,58.932771966
IT057,Avellino,IT057,14.835,40.9322014,78.962071770
IT058,Pordenone,IT058,12.6796999,45.9682007,9.525750154
IT060,Lecco,IT060,9.4105101,45.8857002,66.334000277
IT061,Altamura,*,16.5503006,40.8596992,9.135557508
IT064,Battipaglia,IT064,14.9530001,40.5973015,15.440446411
IT065,Bisceglie,*,16.4855003,41.2057991,68.169030662
IT066,Carpi,IT066,10.8921003,44.8224983,8.515556048
IT067,Cerignola,*,15.8774004,41.2784996,15.225737251
IT068,Gallarate,*,8.7887802,45.6631012,37.173506671
IT069,Gela,IT069,14.2086,37.1441994,7.691403069
IT073,Sassuolo,*,10.7385998,44.5112,29.334218904
IT501,Messina,IT501,15.4801998,38.1750984,48.156618229
IT502,Prato,IT502,11.0852003,43.9508018,68.908071475
IT503,Parma,IT503,10.2652998,44.7578011,20.889913558
IT504,Livorno,*,10.4076004,43.5503998,42.479943678
IT505,Reggio nell'Emilia,IT505,10.5927,44.6661987,20.543677127
IT506,Ravenna,*,12.1605997,44.428299,9.878824689
IT507,Ferrara,IT507,11.6864004,44.8429985,9.926021420
IT508,Rimini,IT508,12.5193005,44.0180016,14.638750201
IT509,Siracusa,IT509,15.1768999,37.0200005,43.264101817
IT511,Bergamo,IT511,9.6756802,45.7000008,32.170983229
IT512,Forlì,*,12.0132999,44.1347008,34.894297629
IT513,Latina,IT513,12.9911003,41.4816017,28.337887842
IT514,Vicenza,IT514,11.5544996,45.5351982,23.986041154
IT515,Terni,IT515,12.5874004,42.5713005,59.455344048
IT516,Novara,IT516,8.5915604,45.4431992,10.688056066
IT518,Alessandria,IT518,8.5830803,44.8811989,12.091045362
IT519,Arezzo,IT519,11.8537998,43.4366989,54.914570353
IT520,Grosseto,IT520,11.1815004,42.8208008,41.901497808
IT521,Brindisi,*,17.8773994,40.5772018,30.621934522
IT522,Trapani,IT522,12.6373997,37.9561005,12.993498432
IT523,Ragusa,IT523,14.6639004,36.9127007,18.831679455
IT524,Andria,*,16.2355003,41.157299,49.112220344
IT525,Trani,*,16.3899002,41.2397003,54.906584262
IT526,L'Aquila,IT526,13.4348001,42.3608017,48.413724205
LT001,Vilnius,LT001,25.1308994,54.6936989,51.673904518
LT002,Kaunas,LT002,23.8106003,54.9641991,38.250031993
LT003,Panevėžys,LT003,24.3544006,55.6675987,37.684599413
LT004,Alytus,LT004,24.0361996,54.4011002,43.829112722
LT501,Klaipėda,LT501,21.1520004,55.7075005,35.424282611
LT502,Šiauliai,LT502,23.3248005,55.9049988,23.159155872
LU001,Luxembourg,LU001,6.0924301,49.7767982,41.730663985
LV001,Rīga,LV001,24.5512009,56.8348007,64.958618561
LV002,Liepāja,LV002,21.2905998,56.4933014,53.764589186
LV003,Jelgava,LV003,23.7040005,56.5936012,38.012169235
LV501,Daugavpils,LV501,26.4969997,55.9431,51.541677846
ME001,Podgorica,ME001,19.3045998,42.5098991,42.007486114
MK001,Skopje,MK001,21.5804005,42.0587006,32.004263878
MK003,Bitola,MK003,21.2824993,41.0685997,41.659249331
MK004,Tetovo,MK004,20.9859009,41.955101,49.373914795
MK005,Prilep,MK005,21.4703007,41.3930016,29.003849768
MT001,Valletta,MT001,14.4408998,35.8886986,5.875679723
NL001,s' Gravenhage,*,4.3350701,52.0433006,21.074291137
NL002,Amsterdam,*,4.96136,52.5051994,10.242938841
NL003,Rotterdam,*,4.4209499,51.8319016,10.756947540
NL004,Utrecht,*,5.1161699,52.0601006,21.629325380
NL005,Eindhoven,NL005,5.5341001,51.4258003,32.177887369
NL006,Tilburg,NL006,5.1193299,51.5600014,30.344348520
NL007,Groningen,*,6.5943198,53.2448997,9.929732161
NL008,Enschede,*,6.8014898,52.2654991,23.824904797
NL009,Arnhem,*,5.92872,51.9710999,29.194793219
NL010,Heerlen,*,5.9439702,50.8717995,26.304933829
NL012,Breda,*,4.78651,51.5632019,19.966178522
NL013,Nijmegen,NL013,5.7986898,51.8199005,23.995625389
NL014,Apeldoorn,*,5.9843302,52.2167015,44.447016760
NL015,Leeuwarden,NL015,5.81111,53.2210999,6.176727873
NL016,Sittard-Geleen,NL016,5.8566699,51.0312004,22.134351478
NL020,Roosendaal,*,4.4895902,51.539299,18.188014127
NL026,Alphen aan den Rijn,NL026,4.6409798,52.1133003,8.108163210
NL028,Bergen op Zoom,*,4.2311502,51.5124016,21.280894072
NL030,Gouda,NL030,4.7062001,52.0153008,20.117165911
NL032,Middelburg      ,NL032,3.58987,51.5163994,12.852823011
NL503,s-Hertogenbosch,NL503,5.2948699,51.7092018,17.704262526
NL504,Amersfoort,NL504,5.39995,52.1489983,26.866490120
NL505,Maastricht,NL505,5.7586002,50.8409996,24.530909438
NL507,Leiden,*,4.4843602,52.2000999,13.622848636
NL511,Zwolle,NL511,6.1690898,52.5102997,17.586957005
NL512,Ede,*,5.7221098,52.0668983,41.708611844
NL513,Deventer,*,6.1972299,52.3144989,18.466176643
NL514,Alkmaar,NL514,4.7534199,52.6921997,11.087059952
NL515,Venlo,NL515,6.0580902,51.387001,27.270468039
NL519,Almelo,NL519,6.6621499,52.3949013,13.700539602
NL520,Lelystad,*,5.4889698,52.5311012,8.803196427
NL521,Oss,*,5.5530901,51.7414017,19.322545011
NL522,Assen,NL522,6.6166401,52.9327011,20.679021542
NL524,Veenendaal,*,5.5533199,52.0110016,27.399928139
NL529,Soest,NL529,5.2829199,52.1759987,50.154437582
NO001,Oslo,NO001,11.1377001,59.921299,69.394606736
NO002,Bergen,NO002,5.5002699,60.4947014,50.686830082
NO003,Trondheim,NO003,10.6505003,63.2462997,56.552702443
NO004,Stavanger,NO004,6.0824399,58.9000015,26.452738363
NO005,Kristiansand,NO005,7.8379402,58.2797012,82.492768284
NO006,Tromsø,NO006,19.1788006,69.767601,26.995233474
PL001,Warszawa,PL001,21.1014996,52.2997017,40.148862978
PL002,Łódź,PL002,19.5165005,51.8050995,34.262886891
PL003,Kraków,PL003,20.0634003,50.0806007,28.250416008
PL004,Wrocław,PL004,17.0028992,51.1328011,25.346814921
PL005,Poznań,PL005,16.9400997,52.4247017,31.260707703
PL006,Gdańsk,PL006,18.4705009,54.3602982,36.807731300
PL007,Szczecin,*,14.6187,53.3473015,37.232709985
PL008,Bydgoszcz,PL008,17.9577999,53.1693001,39.303863525
PL009,Lublin,PL009,22.6100006,51.1963005,19.893388037
PL010,Katowice,*,18.9002991,50.2943993,44.945667278
PL011,Białystok,PL011,23.2275009,53.1906013,44.011227156
PL012,Kielce,PL012,20.6411991,50.8442993,46.654203366
PL013,Toruń,PL013,18.6905003,53.0508995,37.163716124
PL014,Olsztyn,PL014,20.4976006,53.7963982,51.412285475
PL015,Rzeszów,PL015,22.0522995,50.0071983,37.826455677
PL016,Opole,PL016,17.8337002,50.6876984,41.381372807
PL017,Gorzów Wielkopolski,PL017,15.2179003,52.7532997,48.802445101
PL018,Zielona Góra,PL018,15.4041004,51.9762001,65.189089335
PL019,Jelenia Góra,PL019,15.6908998,50.9138985,53.854679375
PL020,Nowy Sącz,PL020,20.7248001,49.5890999,55.656366433
PL021,Suwałki,PL021,22.9676991,54.1766014,29.590435516
PL022,Konin,PL022,18.2234001,52.225399,28.102566592
PL024,Częstochowa,PL024,19.1982002,50.8515015,45.556822659
PL025,Radom,PL025,21.1676998,51.3688011,23.798209145
PL026,Płock,PL026,19.7481003,52.5900002,25.499259727
PL027,Kalisz,PL027,18.1651001,51.7901001,22.292869038
PL028,Koszalin,PL028,16.2980995,54.1132011,50.581163431
PL029,Słupsk,PL029,17.1786995,54.4325981,48.142984678
PL030,Jastrzębie-Zdrój,*,18.6292,49.9715996,26.520434152
PL031,Siedlce,PL031,22.2987003,52.1495018,28.335139181
PL032,Piotrków Trybunalski,PL032,19.7303009,51.3398018,37.149967253
PL033,Lubin,PL033,16.2054005,51.4175987,46.610993081
PL034,Piła,PL034,16.7341995,53.1637993,52.370421533
PL035,Inowrocław,PL035,18.2730007,52.7913017,8.868888495
PL036,Ostrowiec Świętokrzyski,PL036,21.4029999,50.9418983,43.775169224
PL037,Gniezno,PL037,17.5587997,52.5513,20.317690834
PL038,Stargard Szczeciński,PL038,15.0411997,53.3419991,19.985736951
PL039,Ostrów Wielkopolski,PL039,17.8134003,51.6328011,30.209605643
PL040,Przemyśl,PL040,22.7406006,49.7832985,42.945893228
PL041,Zamość,PL041,23.2835999,50.7392006,20.449182902
PL042,Chełm,PL042,23.5233994,51.1531982,25.476712130
PL043,Pabianice,*,19.3248997,51.6231003,42.940594759
PL044,Głogów,PL044,16.0778008,51.6514015,28.694370674
PL045,Stalowa Wola,PL045,22.1271,50.5586014,58.713182885
PL046,Tomaszów Mazowiecki,PL046,20.0137997,51.5031013,51.571922944
PL047,Łomża,PL047,22.0888996,53.1801987,26.143945641
PL048,Leszno,PL048,16.5977993,51.8678017,30.391545246
PL049,Świdnica,PL049,16.5093994,50.8656998,22.194257708
PL051,Tczew,PL051,18.7185001,54.0626984,19.348714479
PL052,Ełk,PL052,22.3414993,53.8232002,37.565275057
PL506,Bielsko-Biała,PL506,19.0648003,49.8083,48.185696031
PL508,Rybnik,*,18.5442009,50.1055984,49.883517312
PL511,Wałbrzych,PL511,16.2639008,50.7514992,56.242641989
PL512,Elbląg,PL512,19.4916992,54.1433983,35.101863678
PL513,Włocławek,PL513,19.0438995,52.5964012,31.440661481
PL514,Tarnów,PL514,20.9617004,50.0049019,38.847457994
PL516,Legnica,PL516,16.2455997,51.2083015,21.427173596
PL517,Grudziądz,PL517,18.8201008,53.4561996,26.747257820
PT001,Lisboa,PT001,-8.9907703,38.8260994,32.666364248
PT002,Porto,PT002,-8.4777603,41.1501999,43.179439553
PT003,Braga,*,-8.4188499,41.6254997,45.933880385
PT004,Funchal,PT004,-16.8764992,32.6720009,51.633286742
PT005,Coimbra,PT005,-8.4467497,40.1861992,63.858527127
PT007,Ponta Delgada,PT007,-25.5760002,37.7972984,25.348111398
PT008,Aveiro,PT008,-8.59231,40.6573982,41.835129720
PT009,Faro,PT009,-7.8765998,37.1004982,33.569281907
PT014,Viseu,PT014,-7.83956,40.7114983,59.653289886
PT016,Viana do Castelo,PT016,-8.76017,41.7168999,43.372123983
PT019,Póvoa de Varzim,PT019,-8.7189302,41.4189987,20.351592631
PT505,Guimarães,*,-8.3137102,41.4528008,41.842834874
RO001,Bucureşti,RO001,26.1266003,44.4367981,19.287159295
RO002,Cluj-Napoca,RO002,23.5981007,46.7941017,25.246289267
RO003,Timişoara,RO003,21.2304001,45.7527008,18.480361949
RO004,Craiova,RO004,23.7555008,44.3246002,20.183797652
RO005,Brăila,RO005,27.9757996,45.2584,15.606677699
RO006,Oradea,RO006,21.9263992,47.0388985,28.362593915
RO007,Bacău,RO007,26.8575993,46.581501,38.969601383
RO008,Arad,RO008,21.3463001,46.1677017,10.906876744
RO009,Sibiu,RO009,24.0676994,45.7011986,58.203743228
RO010,Târgu Mureş,RO010,24.5583992,46.5565987,22.925985922
RO011,Piatra Neamţ,RO011,26.4022999,46.9023018,39.541147879
RO012,Cǎlǎraşi,RO012,27.3635006,44.2234001,9.444315830
RO013,Giurgiu,RO013,25.9242001,43.8772011,18.286060242
RO014,Alba Iulia,RO014,23.5774002,46.0135994,23.643840518
RO015,Focşani,RO015,27.2161007,45.7097015,7.082099197
RO016,Târgu Jiu,RO016,23.2425995,45.0102005,32.931485552
RO017,Tulcea,RO017,28.7812004,45.1627998,14.067214023
RO018,Târgovişte,RO018,25.4496002,44.9417992,36.785827964
RO019,Slatina,RO019,24.3626995,44.425499,13.561575980
RO020,Bârlad,RO020,27.6818008,46.2322006,18.336029134
RO021,Roman,RO021,26.9022999,46.9546013,8.154015764
RO022,Bistriţa,RO022,24.5412998,47.1282005,38.362216933
RO501,Constanta,RO501,28.5669003,44.1747017,7.316725339
RO502,Iasi,RO502,27.5967999,47.1593018,25.511200735
RO503,Galati,RO503,28.0405006,45.5052986,9.957627325
RO504,Brasov,RO504,25.6103001,45.597599,60.256605396
RO505,Ploiesti,RO505,26.0119991,44.9309998,14.053621754
RO506,Pitesti,RO506,24.8661003,44.8553009,38.930660287
RO507,Baia Mare,RO507,23.5802002,47.7400017,68.057572647
RO508,Buzau,RO508,26.7665005,45.1666985,20.168005027
RO509,Satu Mare,RO509,22.8883991,47.7650986,14.491477768
RO510,Botosani,RO510,26.6851997,47.7394981,14.263447457
RO511,Ramnicu Valcea,RO511,24.3407001,45.1086006,61.903104514
RO512,Suceava,RO512,26.2600994,47.6827011,23.286257238
RO513,Drobeta-Turnu Severin,RO513,22.6025009,44.6880989,45.305455642
RS001,Beograd,RS001,20.4832001,44.8348999,19.442749803
RS002,Novi Sad,RS002,19.8507004,45.2933006,19.388702995
RS003,Niš,RS003,21.8013,43.3263016,51.723668955
RS004,Kragujevac,RS004,20.8442993,44.0200996,48.336836116
RS005,Subotica,RS005,19.6112995,45.9510994,7.731453787
RS006,Novi Pazar,RS006,20.5517006,43.2346001,69.700258917
RS008,Zrenjanin,RS008,20.4792004,45.4020004,6.451550701
RS009,Kraljevo,RS009,20.6604004,43.6314011,73.552250915
RS011,Čačak,RS011,20.3950005,43.8875999,42.515414690
RS012,Kruševac,RS012,21.3479996,43.581501,52.893118167
RS013,Leskovac,RS013,21.9554996,42.9424019,61.169989487
RS014,Valjevo,RS014,19.9235001,44.2694016,48.530000246
RS015,Vranje,RS015,21.8980007,42.5321999,67.250468183
RS016,Smederevo,RS016,21.0435009,44.7061996,22.184584778
SE001,Stockholm,*,18.1905003,59.4628983,59.854951565
SE002,Göteborg,*,12.1677999,57.8179016,62.500343573
SE003,Malmö,SE003,13.2504997,55.5671005,15.581596518
SE004,Jönköping,SE004,14.1513996,57.7617989,64.464429444
SE005,Umeå,SE005,19.7826004,64.0593033,83.536403756
SE006,Uppsala,SE006,17.6916008,60.1271019,71.806557445
SE007,Linköping,*,15.6768999,58.2232018,61.963950090
SE008,Örebro,SE008,15.1505003,59.2492981,63.240918746
SE501,Västerås,SE501,16.4557991,59.7823982,58.240089414
SE502,Norrköping,*,16.3987007,58.4538994,62.638615388
SE503,Helsingborg,SE503,12.8655005,56.1655998,27.654073661
SE505,Borås,SE505,12.9411001,57.7322998,77.975437732
SI001,Ljubljana,SI001,14.5663996,46.0255013,65.916474114
SI002,Maribor,SI002,15.7524996,46.471199,48.384583813
SK001,Bratislava,SK001,17.1791,48.3174019,45.055052073
SK002,Košice,SK002,21.1856003,48.6911011,51.650594643
SK003,Banská Bystrica,SK003,19.2292995,48.7603989,74.870620660
SK004,Nitra,SK004,18.1091003,48.3041992,15.857479410
SK005,Prešov,SK005,21.2131996,48.9892006,49.872259582
SK006,Žilina,SK006,18.7728996,49.1730995,65.374306225
SK007,Trnava,SK007,17.5433998,48.4323006,22.495782091
SK008,Trenčín,SK008,18.0492001,48.8853989,57.377051123
TR001,Ankara,TR001,32.8328018,39.9314003,14.167768289
TR002,Adana-Mersin,TR002,35.0547981,37.0073013,39.638941358
TR003,Antalya,TR003,30.6592007,36.9347,53.358423164
TR004,Balıkesir,TR004,27.8698997,39.6473999,29.079445092
TR006,Denizli,TR006,29.1144009,37.8642998,36.929007522
TR007,Diyarbakır,TR007,40.2158012,37.9996986,2.230984639
TR008,Edirne,TR008,26.5855999,41.6897011,4.847572711
TR009,Erzurum,TR009,41.2727013,39.9822998,3.698063639
TR010,Gaziantep,TR010,37.3242989,37.0845985,32.577849570
TR011,Antakya,TR011,36.1025009,36.3390999,69.512422877
TR012,Istanbul,TR012,29.2014999,40.7728004,46.585513871
TR013,Izmir,TR013,27.3260994,38.4515991,47.672729490
TR014,Kars,TR014,43.2081985,40.5789986,0.656845903
TR015,Kastamonu,TR015,33.8116989,41.3096008,60.507332222
TR016,Kayseri,TR016,35.4791985,38.7985001,6.488433566
TR018,Konya,TR018,32.6544991,37.9082985,8.517471009
TR019,Malatya,TR019,38.3526993,38.3070984,24.719807234
TR021,Nevşehir,TR021,34.6876984,38.5917015,4.266555656
TR022,Samsun,TR022,36.2857018,41.2271996,59.978364129
TR023,Siirt,TR023,41.9028015,37.8889999,18.528454151
TR024,Trabzon,TR024,39.5996017,40.9455986,58.686254969
TR025,Van,TR025,43.3987007,38.6244011,1.650895512
TR026,Zonguldak,TR026,31.7199001,41.3089981,68.860966811
TR027,Eskişehir,TR027,30.5503998,39.7631989,24.736538022
TR028,Şanlıurfa,TR028,38.986599,37.1660004,4.699993989
TR029,Kahramanmaraş,TR029,36.8339005,37.6287003,46.747505765
TR030,Batman,TR030,41.1996002,37.8446999,3.808557002
TR031,Sivas,TR031,36.9916992,39.7327003,4.225600299
TR032,Elâzığ,TR032,39.2179985,38.6649017,10.915313315
TR033,Isparta,TR033,30.3519993,37.6721992,38.288502685
TR034,Çorum,TR034,34.862999,40.5059013,31.182785721
TR035,Osmaniye,TR035,36.2919006,37.0909004,67.182894211
TR036,Aksaray,TR036,33.899601,38.3839989,2.718073142
TR037,Aydın,TR037,28.1445007,37.9098015,59.140901793
TR038,Siverek,TR038,39.3942986,37.6638985,2.045743071
TR039,Afyonkarahisar,TR039,30.5730991,38.7692986,13.078486613
TR040,Ordu,TR040,37.9828987,40.8535004,55.688801780
TR041,Niğde,TR041,34.8092995,38.1200981,4.859730114
TR042,Uşak,TR042,29.2952995,38.6896019,29.988080769
TR043,Ağrı,TR043,43.1428986,39.8070984,0.543669072
TR044,Karaman,TR044,33.2238998,37.1738014,14.686098188
TR045,Yumurtalik,TR045,35.6621017,36.7571983,17.121032222
TR046,Rize,TR046,40.5486984,40.9561996,60.718774248
TR047,Ergani,TR047,39.7482986,38.1217995,5.455294064
TR048,Kütahya,TR048,30.0809002,39.4325981,42.554065687
TR049,Kadirli,TR049,35.9053001,37.5012016,59.991426651
TR050,Karabük,TR050,32.6090012,41.1537018,83.794760980
TR051,Çanakkale,TR051,26.5128994,40.0555,61.352962295
TR052,Akçakale,TR052,38.9253006,36.7900009,1.187851071
TR053,Erciş,TR053,43.3359985,39.1239014,1.458079311
TR054,Ereğli,TR054,34.0836983,37.6668015,2.633097259
TR055,Adıyaman,TR055,38.2663002,37.7494011,17.538837482
TR056,Viranşehir,TR056,39.7575989,37.2350998,0.674224838
TR057,Fethiye,TR057,29.1446991,36.6833992,72.701375736
TR058,Ceylanpinar,TR058,39.858799,36.907299,1.446183790
TR059,Tokat,TR059,36.5747986,40.2877998,54.361510839
TR060,Patnos,TR060,42.8858986,39.1772995,0.998670820
TR061,Ödemiş,TR061,28.0021992,38.2099991,46.948295051
TR062,Bolu,TR062,31.6592999,40.736599,72.892509398
TR063,Bandirma,TR063,27.9745007,40.2733002,14.231246191
TR064,Muş,TR064,41.4622002,38.8274994,12.122493529
TR065,Elbistan,TR065,37.3344002,38.2854996,2.572967198
TR066,Nizip,TR066,37.7804985,37.0527,43.975747175
TR067,Suruç,TR067,38.3828011,36.9872017,8.988845250
TR068,Salihli,TR068,28.1907997,38.5547981,27.558745493
TR069,Kilis,TR069,37.1063995,36.7560005,33.016794875
TR070,Kızıltepe,TR070,40.4511986,37.1310005,1.982303585
TR071,Midyat,TR071,41.3675995,37.3877983,14.432217436
TR072,Cizre,TR072,42.1674995,37.3132019,3.107491464
TR073,Çankırı,TR073,33.7655983,40.5323982,6.150186342
TR074,Bingöl,TR074,40.5153008,38.9429016,30.982112807
TR075,Akşehir,TR075,31.4650993,38.3590012,30.891881961
TR076,Polatli,TR076,32.1276016,39.4542999,1.378840942
TR077,Manavgat,TR077,31.3920994,37.0970001,66.654484826
TR078,Yozgat,TR078,34.8040009,39.8031006,9.902923335
TR079,Alaşehir,TR079,28.4911003,38.3405991,30.518911540
UK001,London,*,0.0460773,51.5503006,19.817102380
UK002,West Midlands urban area,*,-1.91997,52.5537987,17.210841734
UK003,Leeds,*,-1.7122101,53.9094009,10.101652963
UK004,Glasgow,*,-4.0430698,55.7396011,19.506086025
UK006,Liverpool,*,-2.9057801,53.4980011,12.510399962
UK007,Edinburgh,*,-3.0947499,55.9033012,15.824186434
UK008,Greater Manchester,*,-2.23663,53.3740005,19.617052073
UK009,Cardiff,*,-3.32043,51.6274986,30.241198595
UK010,Sheffield,*,-1.46333,53.401001,16.515673885
UK011,Bristol,*,-2.6019399,51.4754982,13.729947592
UK012,Belfast,UK012,-5.9737902,54.5950012,9.715176477
UK013,Newcastle upon Tyne,*,-2.0316801,55.2206001,18.975653825
UK014,Leicester,*,-1.14494,52.6044006,10.654853368
UK016,Aberdeen,UK016,-2.6157801,57.2397995,19.158545380
UK017,Cambridge,UK017,0.170039,52.2433014,7.618446958
UK018,Exeter,*,-3.4716001,50.7608986,18.703778246
UK019,Lincoln,*,-0.464815,53.2546997,7.901461314
UK023,Portsmouth,UK023,-1.11423,50.8372002,16.472295432
UK024,Worcester,UK024,-2.3377099,52.1837006,16.797661816
UK025,Coventry,*,-1.4547499,52.3740005,11.509797422
UK026,Kingston upon Hull,*,-0.484522,53.8697014,6.301247539
UK027,Stoke-on-Trent,*,-2.08145,53.0522995,14.051421726
UK029,Nottingham,*,-1.1442699,52.9570007,13.966671948
UK033,Guildford,*,-0.60137,51.1929016,41.068250105
UK050,Burnley,UK050,-2.1995001,53.8314018,9.362717114
UK056,Hastings,*,0.540022,50.9471016,32.214013990
UK515,Brighton and Hove,*,-0.0540478,50.8703995,14.990662270
UK516,Plymouth,*,-3.95416,50.5267982,15.858459211
UK517,Swansea,UK517,-3.88819,51.6626015,34.877929558
UK518,Derby,*,-1.5127701,52.9178009,15.186607903
UK520,Southampton,*,-1.55546,50.9754982,28.506024103
UK528,Northampton,*,-1.00183,52.2299004,10.658887875
UK539,Bournemouth,UK539,-2.0236299,50.7621994,29.623201066
UK546,Colchester,UK546,0.989974,51.8721008,12.130642482
UK550,Dundee City,UK550,-2.91922,56.7178001,11.548527094
UK551,Falkirk,*,-3.79772,55.9953003,21.794774127
UK552,Reading,*,-0.902194,51.4337997,23.983394213
UK553,Blackpool,*,-2.87573,53.8544998,9.128294947
UK557,Blackburn with Darwen,*,-2.4435699,53.8568001,15.253454564
UK558,Newport,*,-3.0006299,51.6268997,20.435491336
UK559,Middlesbrough,*,-1.18086,54.5742989,14.609268119
UK560,Oxford,*,-1.41023,51.8120003,12.604690393
UK562,Preston,UK562,-2.7026,53.7747993,12.381868848
UK566,Norwich,*,1.2889,52.5866013,14.571524649
UK568,Cheshire West and Chester,*,-2.87115,53.2014999,14.153775938
UK569,Ipswich,*,1.2139,52.1184006,15.433352739
UK571,Cheltenham,*,-2.0859499,51.9407005,12.708072167
XK001,Pristina,XK001,21.1385002,42.6571999,45.981168984
XK002,Prizren,XK002,20.7392998,42.2942009,48.176367824
XK003,Mitrovicë,XK003,20.8754997,42.842701,46.761958909