,Unnamed: 0,NUTS,YEAR,MONTH,Mean_MAX_T,Mean_MIN_T,Mean_AVG,Mean_Pre,Mean_Snow,Var_MAX_T,Var_MIN_T,Var_AVG,Var_Pre,Var_Snow,Kur_Max,Kur_Min,kur_mean,kur_pre,kur_Snow,Cov_Temp_Pre
348,349,PT111,2018.0,1.0,12.5688820741681,5.95611193973323,9.26727799975434,4.96527168998587,0.0,4.63827403827132,12.2537109380539,6.00004291309939,45.928693507727,0.0,-0.58741948444855,-0.866237613418056,-0.842821121455964,0.810790339199265,0.0,5.42792125985478
349,350,PT111,2018.0,2.0,12.8351575195578,3.94904252255378,8.39180406768899,4.50285629701142,0.0,7.58103690649515,12.4441210876568,6.09817744095261,77.5500473908969,0.0,-0.925136450074966,-0.434981658439218,-1.28208098118211,7.68123930717182,0.0,-0.195564127700395
350,351,PT111,2018.0,3.0,13.3515714357131,6.13839876525794,9.74707848593079,9.70293828010628,0.0,2.10791775459576,7.24555659679779,2.74741187662705,71.8038456628803,0.0,0.0178263104603609,-0.261302732350684,-0.472986223029195,0.329651134806979,0.0,5.21249941735801
351,352,PT111,2018.0,4.0,17.6873560772257,8.31567851319428,13.0041202109603,5.98119392473807,0.0,20.2864528456784,5.17904887863851,9.2349433175297,64.161592195881,0.0,-0.87051210142401,-0.332366397773393,-0.919244621544172,1.00839106552596,0.0,-11.723444831129
352,353,PT111,2018.0,5.0,20.633400403875,10.1456287403163,15.3858153350722,1.5611794600378,0.0,10.3866066540895,5.99228409007946,5.15038957689563,9.75036588834741,0.0,-1.04411519368411,0.828147282997791,0.471274509700397,7.72794731120436,0.0,-1.00368795081953
353,354,PT111,2018.0,6.0,22.6818301026521,13.5116353301448,18.0943183173043,2.95656195199525,0.0,22.3939695328646,5.31649169831532,10.0956555733259,36.1720372894986,0.0,-1.07460627195936,-1.25420851883855,-1.21386847941269,9.59180341356197,0.0,-9.73348712205152
354,355,PT111,2018.0,7.0,24.623740530878,15.4875031668731,20.054559495845,0.747761014221548,0.0,3.09667593294031,1.82483622021826,1.41753369093493,8.21959446012683,0.0,-0.299205792949456,-0.286026845313071,-0.945838858985837,20.4133297345456,0.0,-1.25691315406335
355,356,PT111,2018.0,8.0,28.8937880043843,15.3042042645365,22.0982055648377,0.260653190251319,0.0,19.2737432225359,6.27608640204827,9.69006744487829,0.799041099243929,0.0,-0.894266719374125,-0.180970839370356,-0.0688145548748063,9.61817161142284,0.0,-0.410069874950168
356,357,PT111,2018.0,9.0,26.7861114934942,14.4820763211032,20.6315435218723,0.331466158294931,0.0,8.84111711985447,2.62262370222055,4.11651852347015,0.580722599639457,0.0,1.0016607331259,0.144871594176718,0.721139927165211,10.1537497535741,0.0,-0.0533312075622384
357,358,PT111,2018.0,10.0,21.2058966375998,10.2684731671356,15.7374880548564,3.85195019578128,0.0,25.2015320374469,10.1510734131855,13.2479133158436,58.0457533553135,0.0,-0.860663622890926,0.131749977559902,-0.416495064701043,2.76633733996587,0.0,-5.88110042288326
358,359,PT111,2018.0,11.0,14.8918915870889,8.71229456400681,11.8030117727773,9.9350475930398,0.0,6.30652447832888,5.03185542470066,4.00293446551924,170.197976756461,0.0,-0.293480707443164,-1.23694612151688,-1.10903177787466,1.25963493149937,0.0,-11.0405384234887
359,360,PT111,2018.0,12.0,14.1715865216507,8.00943119014151,11.0910538708603,5.44699748007726,0.0,1.89706932875072,7.24325291061672,2.62551312843927,71.9686069832815,0.0,-1.11183374363755,-0.920931679861381,-0.89090157515718,1.47531585828148,0.0,0.948517620561077
708,709,PT112,2018.0,1.0,12.9141415109238,6.14420158832048,9.52250473266354,5.13096139604806,0.0,4.13139584273104,13.4987795678018,6.27931560458113,46.3324508923226,0.0,-0.749579033471539,-1.06540127169747,-1.04635299340208,-0.134160336456913,0.0,4.43647044677263
709,710,PT112,2018.0,2.0,13.1718000031367,4.29622935956529,8.72759484501424,4.06850301360032,0.0,6.42703617118778,12.2596779777915,5.84006488791947,72.9255316213585,0.0,-0.813995205678461,-0.626422280744999,-1.23359124982752,7.81501246272053,0.0,3.54472470821705
710,711,PT112,2018.0,3.0,13.7829091616943,6.67678493072767,10.2274584126027,8.85537729558366,0.0,1.48576422240616,7.32342149735446,2.5342213775448,50.1641934475587,0.0,-0.452916778936369,-0.338281104874204,-0.396303888725771,-0.485438873732616,0.0,4.99929287957282
711,712,PT112,2018.0,4.0,17.4674245660502,8.65956098258476,13.0631925661059,5.63527473151356,0.0,16.7225601715979,5.76168088171414,8.39373881312881,58.5749770517828,0.0,-0.467426593421203,-0.496116269507631,-0.702756282991346,2.18602931665387,0.0,-9.23761257829749
712,713,PT112,2018.0,5.0,19.9469321804163,10.5316117668693,15.2364584638469,1.5558602667268,0.0,8.03850820111083,5.67990361164997,4.59177371715505,14.0171509881503,0.0,-0.852258142817992,0.658775126527173,0.546341243719827,11.3130232033921,0.0,-0.791886592418746
713,714,PT112,2018.0,6.0,22.0678614953371,13.6063787766525,17.8316434318678,2.44041631333371,0.0,18.6667098615151,4.71826649922811,8.42866881959243,25.1369776197757,0.0,-0.572310820832857,-1.22914289924579,-1.07529849583866,9.42850542135182,0.0,-6.98589014081127
714,715,PT112,2018.0,7.0,23.7769285589871,15.5404593536469,19.6552995942638,0.651673517594059,0.0,1.60957339522544,2.20012310689037,1.03785416363789,5.66981196443564,0.0,-0.108546996677917,-0.623100535666075,-0.595220321847072,20.5633573689128,0.0,-0.70687044701483
715,716,PT112,2018.0,8.0,27.6519073590239,15.530419795962,21.5874832116986,0.218600598658204,0.0,21.1255638547026,6.71639820392155,10.8793856450065,0.530309503508413,0.0,-0.69861044806271,-0.576400684997928,-0.157332047840808,10.3239004928123,0.0,-0.225067767957594
716,717,PT112,2018.0,9.0,25.4752962570003,14.733690721227,20.1023057573709,0.427289638458053,0.0,12.1092585528285,3.07606549245739,5.71629898993982,1.20121295213608,0.0,0.565359565581412,-0.376991446233575,0.213350231012449,8.46003170144138,0.0,0.210946192546516
717,718,PT112,2018.0,10.0,21.1221974254359,10.8470297360959,15.982164896632,3.88564124168695,0.0,23.0575099571052,10.3009326212761,13.0094086392712,62.588321189475,0.0,-0.937220270602378,0.0661088618353132,-0.447865063076588,2.20460060518813,0.0,-7.57298639334275
718,719,PT112,2018.0,11.0,15.1956693582501,9.14198467313837,12.1647378308979,9.95449676003397,0.0,5.4635041345884,5.56140309090432,3.89351519113495,158.860647712996,0.0,-0.0782642431593987,-1.12119714149064,-1.0257579728084,0.45114477896521,0.0,-10.3740344932631
719,720,PT112,2018.0,12.0,14.5412536455615,8.41450001753559,11.4742929789057,4.9610974495946,0.0,1.70386356129284,6.97480448472693,2.28183039875812,61.2919702352471,0.0,-1.24805520037735,-1.03301004752263,-0.966253663698007,2.71911299497517,0.0,1.27154542592243
1068,1069,PT119,2018.0,1.0,12.2920658432022,5.45422697204126,8.86671575824957,5.15657343352853,0.0,5.26934394371699,9.96388278567617,5.29207530253618,50.0885594067502,0.0,-0.739431695342373,-0.640178967188433,-0.753836812681415,1.11723348003901,0.0,4.46437997767122
1069,1070,PT119,2018.0,2.0,12.4070074977536,3.54967886638732,7.9788822795763,3.68916263701808,0.0,7.73604378712038,10.8344894827378,6.11524316020728,50.7350114730657,0.0,-1.19897392065792,-0.409710601360456,-1.30900285755055,6.33958300365872,0.0,-0.581856963218364
1070,1071,PT119,2018.0,3.0,12.8394488242016,5.65874897991364,9.2465649156394,9.29277007905069,0.0,3.0919641204163,5.81268263232544,2.62725348437959,62.0719600365791,0.0,0.719299069539013,-0.013822647770382,-0.202356091613403,-0.480865709039314,0.0,3.60270456899321
1071,1072,PT119,2018.0,4.0,17.5723740891384,7.92879532338122,12.7516345347758,5.28945705679887,0.0,24.6962631178334,5.64083708051824,11.4227031755432,50.2875328966374,0.0,-1.24031776287822,-0.622577681479406,-1.20895075312764,0.465605158039356,0.0,-11.3746944079323
1072,1073,PT119,2018.0,5.0,20.9352270543511,9.83940530546091,15.385545273493,1.21551894516933,0.0,11.8912368232715,6.00708379299611,5.63126695840324,10.0891927655692,0.0,-1.2467146062042,0.0737121093312267,0.0349318440990976,18.676776684455,0.0,-0.375013150538881
1073,1074,PT119,2018.0,6.0,23.1019349039779,13.4034819702393,18.2542347473662,3.14373010363668,0.0,25.9058801648606,5.90599544319688,12.3541734533447,31.7489118619264,0.0,-1.20533037044937,-1.25565748540946,-1.27078791881548,8.84164743293888,0.0,-9.0524830628147
1074,1075,PT119,2018.0,7.0,25.3893664020125,15.1884155072379,20.285696376781,0.515239000955949,0.0,4.43621411210095,1.6160089076796,2.05322138566928,2.72422927060066,0.0,-0.0410312357275333,-0.589816273164308,-0.815166920314883,18.6863982422561,0.0,-0.844804661299097
1075,1076,PT119,2018.0,8.0,30.119477290261,15.4658863427819,22.7882747939605,0.205915084508285,0.0,17.8429494795746,7.10006325566266,9.85031822537087,0.544937566296578,0.0,-0.869758153288263,0.386847864883653,0.009060663213686,15.0842512846087,0.0,-0.247819145047862
1076,1077,PT119,2018.0,9.0,28.3863019328519,14.6750752135987,21.5301732281776,0.354417283283741,0.0,6.88776483895943,2.0785620512033,3.33007377643712,0.404758336542974,0.0,0.608648427412498,1.54502013381878,0.881785145761206,4.02490197126044,0.0,-0.11658535824358
1077,1078,PT119,2018.0,10.0,21.1456089002715,10.1190614577482,15.6373703491468,2.88805690896801,0.0,26.6136113492744,9.31868992631741,13.8771056010755,32.9622037608744,0.0,-0.679094700138387,0.27371493922513,-0.3045021703334,2.46978983555608,0.0,-3.59168225791084
1078,1079,PT119,2018.0,11.0,14.4201918205927,8.1370059009617,11.2777124776161,8.7572046061605,0.0,5.71001593703572,4.33440350042416,3.71038455270873,118.213024935333,0.0,-0.345542269658802,-1.0807231712179,-1.13530654197143,1.1490546059291,0.0,-8.59490295924639
1079,1080,PT119,2018.0,12.0,13.7286395286486,7.24382113114216,10.4822266584589,4.05359510084634,0.0,2.33074506666918,5.01623967232932,2.35318412166022,44.0198526480663,0.0,-0.488123361538513,-0.977497928460587,-0.568286525055293,2.34959477969009,0.0,0.132886050531422
1428,1429,PT11A,2018.0,1.0,13.3570895191273,6.30190807375245,9.81976870360265,3.4042163074977,0.0,4.01735535056325,13.1484670724999,5.62009139849586,27.2629700283979,0.0,-0.242806100558642,-1.05218808802154,-1.06080737057156,0.0565496656113029,0.0,0.849188890980649
1429,1430,PT11A,2018.0,2.0,13.6092513430771,4.70306647171869,9.14684435180223,3.84339598096219,0.0,5.46052639297734,12.369471577189,5.50066772504597,100.908135273717,0.0,-0.623994629783839,-0.858932803697074,-1.11049358421363,8.21147511632448,0.0,4.20907195713005
1430,1431,PT11A,2018.0,3.0,14.0329496168447,7.40018800084982,10.7109966342263,7.98655274463492,0.0,1.49042402795503,6.49970954693726,2.44346170216421,49.1484732534754,0.0,-0.571171252051742,-0.120805046459085,-0.474591428236899,-0.962329661395468,0.0,2.76221454360082
1431,1432,PT11A,2018.0,4.0,17.438914716474,8.90650918868992,13.1716052871147,5.71185183199677,0.0,15.2090551214173,5.3617568262362,7.45021945734015,82.7178320844337,0.0,-0.850114605527895,-0.348427487302504,-1.05655755083022,2.39290363039944,0.0,-10.7030679134635
1432,1433,PT11A,2018.0,5.0,19.9257421639846,10.7214984961741,15.3193187228392,1.08946444258222,0.0,7.7200866357552,6.16128221324848,4.00186133607265,12.2705589125895,0.0,-0.79388140213552,-0.268742191754836,0.498218203153781,18.4247835724723,0.0,0.316951162496857
1433,1434,PT11A,2018.0,6.0,21.9572264295644,13.9514513563067,17.9469967083094,2.35226367596394,0.0,18.5757282313222,4.24543447243073,8.25547459016074,20.2004369436731,0.0,-0.21232653875647,-1.263062030591,-0.862619444896644,3.14502233030844,0.0,-3.2321442922704
1434,1435,PT11A,2018.0,7.0,23.7405233984844,15.8990556643643,19.8141153563572,0.355256528660599,0.0,1.19712170582415,2.14189194409162,0.994797944633347,2.41755878155683,0.0,0.178201448296381,0.138499534881812,0.0861939532542917,23.1431767782354,0.0,-0.382904609038639
1435,1436,PT11A,2018.0,8.0,27.4848258258152,15.5188105976229,21.4973887748486,0.0806137441323169,0.0,21.8319731095875,6.88983800570981,10.962634720936,0.102522318677292,0.0,-0.654997294915048,-0.599547559176716,-0.0768968108321499,21.7044963578407,0.0,-0.0763722822177167
1436,1437,PT11A,2018.0,9.0,25.8615532512295,14.9490917600525,20.4005883301628,0.0687281539554406,0.0,11.3919468106807,1.7603994741236,4.29989848339452,0.0301792538522638,0.0,0.0937222193720011,1.78584878641956,0.206080624604093,9.8569920587874,0.0,0.032960571346763
1437,1438,PT11A,2018.0,10.0,21.4406889477216,11.3295759597026,16.3806012751289,3.38983858554572,0.0,21.824889554454,9.25462417405844,12.2794544516502,43.8895573879972,0.0,-0.732609075586922,0.10174126479363,-0.388350075313894,3.03928890179487,0.0,-3.75227813315239
1438,1439,PT11A,2018.0,11.0,15.6895982282217,9.49616308199758,12.585693225914,7.69693055090319,0.0,5.02771644740998,5.70862715557366,3.33171786891438,87.8123571615281,0.0,0.0921619849064639,-0.717131395868809,-1.16830898063188,1.11256016290293,0.0,-3.304794829583
1439,1440,PT11A,2018.0,12.0,15.0828395711982,8.38546063627976,11.7248794102046,3.38066564677794,0.0,1.7564025308432,6.43559994903718,1.85262339813376,53.3205345888238,0.0,-1.17505928310129,-1.19850334716142,-1.00261292259959,6.89174995225206,0.0,0.780242987642673
1788,1789,PT11B,2018.0,1.0,10.0969296962195,2.70173633567227,6.39830520607126,2.146735831903,0.0,8.84353006164178,9.36880030424581,6.21117888195242,12.0809243573912,0.0,-1.3323436864839,-0.200319374072865,-0.719723930663639,1.80725963738974,0.0,-1.93012117001693
1789,1790,PT11B,2018.0,2.0,9.79769587678214,0.558479289363744,5.17786034141925,2.45335193056135,0.0,10.685383852554,12.6513753832115,8.38525647314778,41.7764877031598,0.0,-0.737032371402237,-0.358394159508834,-1.18461645693239,7.76257326361202,0.0,-8.22247214304326
1790,1791,PT11B,2018.0,3.0,10.3049179819995,2.580481507998,6.43743315846366,8.50341269453887,0.0,6.00807197279752,6.02696394507424,3.295632279882,83.5599317593518,0.0,1.75102465459668,-0.0819620299961028,0.783782088164037,2.10587169702575,0.0,2.88802172420914
1791,1792,PT11B,2018.0,4.0,16.2211810896982,5.7550908536271,10.9868230104397,3.31471538379844,0.0,32.3093005363287,8.52246265235207,16.3783741711209,27.0042346913473,0.0,-1.14669964961705,-0.86743829812124,-1.0384255236926,2.50017647119171,0.0,-9.03968709375707
1792,1793,PT11B,2018.0,5.0,20.4294812674693,7.84775394109133,14.1402813212949,1.16205910274739,0.0,12.8403504681982,7.3947114259599,7.17809185180526,7.8663193824092,0.0,-0.983818002259812,-0.613276793364361,-0.142222164483481,9.69066280736528,0.0,0.0654457555064244
1793,1794,PT11B,2018.0,6.0,23.9680318252493,12.071396273172,18.0212771846565,3.42629839363722,0.0,31.4010765751466,9.08207182633225,17.1080620912818,31.1058135974903,0.0,-1.41754653134618,-1.17988410875229,-1.38362480068296,0.638043726388898,0.0,-7.83305306522137
1794,1795,PT11B,2018.0,7.0,26.8323718845539,13.4180535232832,20.1250070043114,0.510472679244032,0.0,7.55953782611209,2.00684684666743,3.43132205554225,1.58050264897905,0.0,0.0867335508928035,-0.905089721694006,-0.825175229039118,4.7369174304566,0.0,-0.77730973765475
1795,1796,PT11B,2018.0,8.0,31.4230090138598,14.5856961036643,22.9998229309311,0.0435096684126016,0.0,12.3239086427953,7.84855656637791,9.09382459280506,0.0386633617767089,0.0,-0.695000678108261,-0.207001977010041,-0.299353858167743,21.8704181725668,0.0,-0.0065200439326847
1796,1797,PT11B,2018.0,9.0,29.2192326668906,13.6145620911888,21.4112299945456,0.219565752839836,0.0,3.84550532542743,2.68939440849847,2.49030162022712,0.293845521316011,0.0,-0.252630992837216,-0.671993465737236,-0.741493961588239,6.38906690298731,0.0,0.150203345965348
1797,1798,PT11B,2018.0,10.0,19.525769832577,7.87044069322681,13.696513898008,1.69277153217567,0.0,28.6400702540421,9.65887256601948,15.0451624961565,8.90630452174485,0.0,-0.51362673922757,-0.607817490198445,-0.396766258873201,0.78158791158845,0.0,-2.9232055071561
1798,1799,PT11B,2018.0,11.0,11.7270499726344,5.28104758764071,8.50255803885415,5.83925312753696,0.0,6.28695055370735,5.83665190276299,4.50138265051076,42.0649821718843,0.0,-0.432543048591979,-1.1473266203799,-1.05456704639474,-0.404534887351335,0.0,-4.74114894324032
1799,1800,PT11B,2018.0,12.0,11.2748088830043,4.09498302994956,7.69140764515916,1.93594605574424,0.0,5.41148830754987,6.05947679878071,3.59763124802827,18.4082966404069,0.0,-0.754099857202573,-0.948773746566305,-0.550755610205396,7.32473677366031,0.0,-1.07499828917194
2148,2149,PT11C,2018.0,1.0,12.7538035482727,5.88697819764932,9.31808275360695,4.58286233965335,0.0,5.29489334748976,10.1522668902119,5.36791590283823,41.0003584814744,0.0,-0.74584780831839,-0.549977376339164,-0.756873838758832,0.864394441935444,0.0,3.43027910758004
2149,2150,PT11C,2018.0,2.0,12.9932810517785,4.15721321090746,8.57867126339562,4.06625572233108,0.0,7.5479691683779,10.3014736883785,6.06984316542294,63.8173256024728,0.0,-1.27893011917636,-0.574267358853324,-1.21120547715621,4.41286851657734,0.0,-1.07911689009324
2150,2151,PT11C,2018.0,3.0,13.5447279866549,6.25926279202053,9.89785518975457,9.80364635859009,0.0,3.08795902373626,5.1094131523747,2.37343694440748,70.6174256594095,0.0,0.983722115893455,0.152697221150447,-0.0505887259842419,-1.12264571350452,0.0,3.50581045354972
2151,2152,PT11C,2018.0,4.0,18.0244625500765,8.35455932164499,13.1836405718529,5.42382334685546,0.0,24.023090837361,5.87211612719809,11.3409922086291,56.0526505392939,0.0,-1.25203076452693,-0.744141515938896,-1.24057440325016,0.904470545515079,0.0,-12.1433056138742
2152,2153,PT11C,2018.0,5.0,21.3069004354579,10.2771830230681,15.7867465857442,0.826885611975533,0.0,12.218114559019,5.80913618823394,5.69436091385729,3.49683294199812,0.0,-1.30607855758385,-0.0977646982497968,-0.0019356182473333,11.6794173741073,0.0,-0.21658487760922
2153,2154,PT11C,2018.0,6.0,23.396134435034,13.7388493450315,18.5603344125815,3.04743623002455,0.0,24.791518738566,5.30798991355172,11.5909257342366,30.1034875557355,0.0,-1.13382441904415,-1.28101919240481,-1.22860590830814,8.49040452216864,0.0,-8.38731596851938
2154,2155,PT11C,2018.0,7.0,25.5633971735551,15.4677962106535,20.510081470655,0.489972640037454,0.0,3.76378838863473,1.51781907368102,1.7474648832369,2.94340925777106,0.0,0.139657178670498,-0.5706475532717,-0.764247903748816,18.6360999445976,0.0,-0.825129741712665
2155,2156,PT11C,2018.0,8.0,30.4926735475768,16.0272290914227,23.2552602181778,0.229223420965012,0.0,18.3073722944545,7.51004496428555,10.4215826870546,0.732367559534799,0.0,-0.798618298869991,0.2302328943525,-0.0737858047699538,18.8899735736789,0.0,-0.302492078913043
2156,2157,PT11C,2018.0,9.0,28.8464800567889,15.1565022400377,22.0028000338368,0.168934980017181,0.0,7.31541134370731,2.04192070250584,3.56041264781495,0.127290983942492,0.0,0.448041833366169,1.34503833274504,0.533745847363305,13.8367465383574,0.0,-0.0695869194108727
2157,2158,PT11C,2018.0,10.0,21.7412412229829,10.9477204161865,16.3443689867751,2.60862752972416,0.0,26.2913037460035,9.61324903221437,14.3066399168254,26.632578087202,0.0,-0.643124183321222,0.471144560564061,-0.268665400841276,2.8661722796244,0.0,-3.28615757540896
2158,2159,PT11C,2018.0,11.0,14.9445201373973,8.70571428427971,11.8214289299316,8.23356427681242,0.0,5.52446420352764,4.03683122499473,3.40939531837303,95.1679795765285,0.0,-0.355641609070449,-1.04074159928348,-1.11167152672235,0.828321244338034,0.0,-7.77428618481873
2159,2160,PT11C,2018.0,12.0,14.3061934526284,7.83894861770898,11.0674637758945,3.73112533127531,0.0,2.49365204320489,4.12226773652835,2.0554426007306,45.413685341976,0.0,-0.236877687585288,-1.01541713982931,-0.680219552511711,3.1783452236382,0.0,-0.404579427360744
2508,2509,PT11D,2018.0,1.0,11.7887492040189,4.54210104732131,8.16415815141369,2.14751825463113,0.0,8.8432119646607,10.4265328099897,6.71335076355647,13.9997189572542,0.0,-1.54371328695811,-0.331732865996277,-0.917548652816846,1.08137438957403,0.0,-2.00095068732864
2509,2510,PT11D,2018.0,2.0,11.5137642997641,2.73491716007103,7.12599014604353,3.13561966574001,0.0,10.7623092280888,11.5204791977343,8.06594380307875,98.7342248942521,0.0,-0.589461808100679,-0.559215378768668,-1.25032313435457,12.4200585363931,0.0,-10.2927747242937
2510,2511,PT11D,2018.0,3.0,12.3344284038731,4.61805443028325,8.47698517662231,10.9601039231595,0.0,5.19781453656228,5.61289493809474,2.82225608640152,164.145020042643,0.0,1.83571598937896,0.0047814510525703,0.206439217925027,3.04676039417332,0.0,5.77812742911335
2511,2512,PT11D,2018.0,4.0,17.8881176155245,7.74225365521045,12.8173812594813,3.74893881881516,0.0,36.0967948644055,9.91326117532481,18.3013651569763,42.6011473944942,0.0,-1.12604128254924,-0.943004417704254,-1.00241214431913,5.05398910401148,0.0,-10.3651823601365
2512,2513,PT11D,2018.0,5.0,22.0977358355231,9.94990193637063,16.0261648665705,0.906595799257764,0.0,13.6178637011667,7.60575657289955,7.79272904435377,7.679465230106,0.0,-1.04622818294472,-0.51051417960199,-0.0931332017310065,18.3916947940898,0.0,0.501207703868607
2513,2514,PT11D,2018.0,6.0,25.5949910189536,13.8388210351618,19.7204969074321,2.28413352022797,0.0,34.3261899606163,9.87303820802207,18.6198941115513,15.0008059410459,0.0,-1.36502208804393,-1.0852927884125,-1.36923509712647,0.194046221199972,0.0,-3.89903888966435
2514,2515,PT11D,2018.0,7.0,28.6764944834428,14.9448119515657,21.8089380794506,0.318969651175576,0.0,9.28495350027352,3.48154883290785,4.89735543337584,1.49084595711447,0.0,-0.119050639929128,-0.615302802370871,-0.72040900876123,9.72575953041221,0.0,-1.12751531687972
2515,2516,PT11D,2018.0,8.0,33.6343305556707,17.1825144052178,25.4100738497861,0.0965661740965199,0.0,12.1692692051322,8.92935160523167,9.75105058270264,0.288542615105705,0.0,-0.587875701892251,-0.256747807230062,-0.37336247491045,24.1904057410582,0.0,0.0586921233096096
2516,2517,PT11D,2018.0,9.0,31.3441650489071,16.1444848868486,23.7450893387895,0.130161292658537,0.0,4.49956990508855,3.9912544894874,3.38547077300466,0.172576348085369,0.0,-0.0992987839080826,0.0031645837258622,0.319659740121669,11.5447178413186,0.0,0.289822120989497
2517,2518,PT11D,2018.0,10.0,21.3188725618023,10.3968016353049,15.8611448883929,1.47330375673774,0.0,28.0884835144855,10.1504333158076,15.5000208000856,6.83985661403684,0.0,-0.56421182033332,-0.35177969486252,-0.378168615221497,0.692311254148394,0.0,-2.69980066773806
2518,2519,PT11D,2018.0,11.0,13.64897719848,7.42702586763409,10.5406955356724,6.87424018781919,0.0,6.07798329365363,5.56520040946296,4.09238374242916,84.1901157908612,0.0,-0.370532915657572,-1.13567371078432,-1.09190437276523,0.0235483860962376,0.0,-4.76606478498817
2519,2520,PT11D,2018.0,12.0,12.7757388617148,5.77569520861361,9.27584703225669,2.27440043197282,0.0,5.61107465389558,5.54029630571681,3.97662706125207,32.8779315840883,0.0,-0.56969010731368,-0.986313577135357,-0.687745237123458,7.57919220008292,0.0,-0.87963730227515
2868,2869,PT11E,2018.0,1.0,10.798207153407,2.91131036820966,6.85408938876838,1.76442421078172,0.0,10.7811244024278,12.373344287777,7.63310194710201,10.4393138079116,0.0,-1.14210111670332,-0.130105799198067,-0.20695463254252,2.02078541632322,0.0,-3.20884403307581
2869,2870,PT11E,2018.0,2.0,10.5612133319489,0.451388946579896,5.50135211616948,2.2689882769519,0.0227688214170098,11.271430507412,16.1553097209807,9.46050971873427,53.0226564698476,0.0066757036089355,-0.709475989335177,-0.458576358863463,-1.0564672134688,9.17029899143923,13.8767821276765,-8.70772427638745
2870,2871,PT11E,2018.0,3.0,11.2310663980043,3.2300973062345,7.22977800036187,7.7667825218565,0.0098713858014391,6.36447851150372,6.84756236378252,3.4622258858082,90.8830185395633,0.0012335389764963,2.3438142622583,0.111219892289362,1.62412696484231,3.8299170093905,16.0248538165938,2.32134039999508
2871,2872,PT11E,2018.0,4.0,17.241434702111,6.44875956948696,11.8444099490602,3.10608297785211,0.0,30.0416655160768,8.67342165484376,15.1318196934038,21.6843354099924,0.0,-1.04215861173991,-0.773488236769889,-0.903981952777595,0.654347648708646,0.0,-8.95145337350424
2872,2873,PT11E,2018.0,5.0,21.605690065875,8.59769893628196,15.0998706990538,1.34092848807837,0.0,13.0412864698863,8.30643928926109,7.68587081778029,10.4796006787703,0.0,-0.823987113959498,-0.815890770683903,-0.166187953931114,6.68669866498624,0.0,0.338437413091582
2873,2874,PT11E,2018.0,6.0,25.6030319338371,13.1464404428027,19.3735444646062,3.31219154647722,0.0,32.6933534935992,9.807574485447,18.0388823187435,32.2443509371864,0.0,-1.4104970285339,-0.918273990623654,-1.34512763251245,1.67992933338535,0.0,-9.14108950751333
2874,2875,PT11E,2018.0,7.0,28.5595381596983,14.4724484165666,21.5129300449259,0.360148079845624,0.0,7.40155641266228,2.20976580338244,3.29727002610528,1.10814219521275,0.0,0.463033239658401,-0.719512616446477,-0.6630722168968,7.76139748820009,0.0,-0.980484980286012
2875,2876,PT11E,2018.0,8.0,32.6408610906195,15.4014620541282,24.019178571604,0.0194969889087693,0.0,11.0925827860796,6.87043804426498,8.21483415491758,0.0113416049159878,0.0,-0.574059547710281,-0.661071332911612,-0.448831275787783,24.1720446537114,0.0,0.0088723715882018
2876,2877,PT11E,2018.0,9.0,29.9823458263941,14.0983723681508,22.0388695644095,0.13892959675592,0.0,3.01806008738657,2.23269049922454,1.62171794479327,0.192256293426219,0.0,-0.658116598486592,-0.910413538809982,-0.832372728889454,16.1138193437202,0.0,0.103944046943735
2877,2878,PT11E,2018.0,10.0,20.2182210374964,8.2742734964226,14.2425323060003,1.36797885141622,0.0,27.4077477883783,10.1312968351972,14.0834195891343,6.36171192752072,0.0,-0.635749842136864,-0.916055414333355,-0.587159505488929,1.06536458193099,0.0,-4.17432032000135
2878,2879,PT11E,2018.0,11.0,12.3100280752621,5.60134809844809,8.95211515703116,5.48451986110586,0.0,7.22650993321197,7.33784352570735,5.15370294146029,44.7878468004906,0.0,-0.0406218936582579,-1.06619234643175,-0.544219431369498,-0.104328362913633,0.0,-5.45694667718173
2879,2880,PT11E,2018.0,12.0,11.633799391865,4.15992631989723,7.89572217459478,1.6424687720532,0.0,6.29230351163512,8.2258780613778,4.27111013129152,16.7558418383222,0.0,-0.842256529620804,-1.21491811824606,-0.585361451429212,9.76682874132714,0.0,-0.894588281188219
3228,3229,PT150,2018.0,1.0,15.723601410189,7.56461358109077,11.6478658441364,1.60959438423425,0.0,2.15401393509443,2.9532985830482,1.95350363580091,22.9712137439466,0.0,-0.904033986730115,-0.0039218598501746,-1.23096008055313,10.8990992781214,0.0,1.00830979683035
3229,3230,PT150,2018.0,2.0,15.6665551051584,6.55384814105155,11.1166679329838,1.36677364428067,0.0,3.58449899568647,7.67184138676051,4.31751684086321,20.9419589805655,0.0,-0.877020701757184,0.113693528467287,-0.917840147930234,13.8238987841086,0.0,4.7439643963436
3230,3231,PT150,2018.0,3.0,16.5779817841518,10.1708737896815,13.3767638812651,3.58647241839449,0.0,2.04265272061173,5.25970164692284,2.25834406328012,23.4685453786236,0.0,1.92315473774764,-0.373802493094066,-0.215704205544889,1.37017211125116,0.0,-0.13449213112392
3231,3232,PT150,2018.0,4.0,18.6937653400908,10.4891182101193,14.5961641144328,2.80637254041907,0.0,5.3431455119315,5.86951229769951,4.39311684011135,32.4426243016531,0.0,-1.09221885084372,-0.838824255935911,-1.24388236722247,4.49798661120495,0.0,-2.6441888962813
3232,3233,PT150,2018.0,5.0,21.4098454300515,12.5114147930196,16.9666519128418,0.597722616418963,0.0,3.55920913021419,2.87449347156705,2.36811146624757,1.5946707719457,0.0,-0.650699882176215,0.422298940012512,0.611260494328481,3.25288179897075,0.0,0.283750782492655
3233,3234,PT150,2018.0,6.0,24.1134340602954,15.4787867738259,19.8013743383,0.710620131889176,0.0,7.33463300394618,3.3629890440118,4.66685883297926,3.24314467300506,0.0,-0.556706095597185,-1.55554588220175,-1.13965718356802,6.29715362861085,0.0,0.340131422099559
3234,3235,PT150,2018.0,7.0,26.0702792248963,16.6881554225033,21.3822084765198,0.003032267964198,0.0,2.9903190115442,0.855779240706193,1.35885865006989,6.89562584615457e-05,0.0,-0.711096917465426,-0.512933244196198,-0.337608253002418,4.72110879571768,0.0,-0.0040112370129814
3235,3236,PT150,2018.0,8.0,30.0089454510479,19.1551527856761,24.5827684276669,0.0294790493782385,0.0,8.16928890710846,3.91398545385118,5.45759997034346,0.0082386472955584,0.0,-0.519621879135074,0.227548179671245,-0.152342886859198,10.2575709333688,0.0,0.0514241947744076
3236,3237,PT150,2018.0,9.0,28.2135856885934,18.6936807251992,23.4586885054251,0.212321430146189,0.0,5.38492160736742,1.93143612138662,2.62014747014454,0.515841845847532,0.0,-0.752257550851743,0.327932440836969,-0.743423356929296,13.2016859175008,0.0,0.120425430978138
3237,3238,PT150,2018.0,10.0,22.8102088614072,14.7643514765351,18.794600278332,2.16737206617573,0.0,13.5984793395085,7.43711979103288,9.3150172180105,13.4718893542768,0.0,-0.507206110527985,-0.220638164492223,-0.390187795588268,4.10940239776356,0.0,-7.01289384810289
3238,3239,PT150,2018.0,11.0,17.9930703906501,11.239138357202,14.6217685482023,2.80787201724982,0.0,1.81923259511385,6.02872274453062,2.58668615518413,29.5367984593056,0.0,0.0698470711173922,-0.534252136794938,-0.82999536323928,7.59629768683138,0.0,1.55379004802935
3239,3240,PT150,2018.0,12.0,17.3549999666259,8.63750407003914,12.9996855427372,0.337996456361349,0.0,1.73427808980834,2.16741918552242,0.996375289489038,1.17885509234745,0.0,0.140670588290541,0.880865356611787,-0.910031250179934,11.4244246815155,0.0,0.0058388667080306
3588,3589,PT16B,2018.0,1.0,15.404575016014,8.97011261144492,12.1876009410974,2.14274788789667,0.0,3.39718778017201,4.90140440813707,3.24613447487281,29.6540377506019,0.0,-1.19194953749531,-0.387220840227698,-1.23944677438361,7.55878961575361,0.0,-1.18988010183337
3589,3590,PT16B,2018.0,2.0,15.3812820618115,8.04988223962323,11.7183967641142,1.89674817617101,0.0,5.22352256869081,6.18734028510002,4.18339081908588,24.831131669266,0.0,-0.94337461407585,-0.855424774750842,-1.19687413423003,6.76355812506656,0.0,3.43064661565126
3590,3591,PT16B,2018.0,3.0,15.9278990417324,9.87650949582154,12.9020698267082,6.08765436469778,0.0,3.19727908223429,4.21955846851985,2.36104662430239,63.2998034542533,0.0,3.95562393513553,-0.0905421860335425,0.0526879378492211,1.11041155213616,0.0,1.71353377050384
3591,3592,PT16B,2018.0,4.0,19.0325243864652,11.118047895419,15.0751435418496,3.41745165717008,0.0,13.8562251492809,5.24324650419732,7.38923047326257,33.4586528212028,0.0,-0.682382455841678,-0.556140643108519,-0.695633866212916,3.2231962151015,0.0,-5.77885388554954
3592,3593,PT16B,2018.0,5.0,22.136582191267,13.1384524610894,17.6384074728788,0.395966632230098,0.0,10.278676947943,2.61581185529949,4.46964759210169,4.4412479600313,0.0,-0.765741438743742,-0.36745114093638,-0.518645652996499,24.1684845693691,0.0,-0.253276081295028
3593,3594,PT16B,2018.0,6.0,24.6340732310346,16.2681206655572,20.451188160433,0.809665736031726,0.0,21.0865872451359,5.16547827562279,11.2206631486298,3.25479372422068,0.0,-0.195750120314182,-0.113185834777137,-0.0654012428665771,3.37791210410952,0.0,-0.221498280472249
3594,3595,PT16B,2018.0,7.0,25.9020864636321,17.7709043504794,21.8358418184133,0.0493125449675765,0.0,2.46078937116139,0.753503179528101,1.07389273905648,0.0446447170050596,0.0,-0.953548548016726,2.78367631957209,0.244524462795396,19.3347894525991,0.0,-0.0367778123208775
3595,3596,PT16B,2018.0,8.0,31.6677421017523,19.1727042868574,25.4195294203815,0.0026006948160782,0.0,23.1652307289908,9.64128000256351,14.0782357420446,7.5951504914291e-05,0.0,-0.114256387566838,1.30515469835539,0.693005184252875,15.8543170797253,0.0,-0.0086149359012161
3596,3597,PT16B,2018.0,9.0,29.6613066699822,18.5296977290923,24.0943594719589,0.0006718461608202,0.0,10.9536549950021,3.11989029286212,4.70821345222106,1.35413179142661e-05,0.0,-0.422209793078999,-0.98437668005213,-1.13800051342054,23.1966666666667,0.0,-0.0014557786369389
3597,3598,PT16B,2018.0,10.0,23.5576528323577,14.8919672992283,19.2250460504459,1.43655316986798,0.0,22.6456093727118,5.69363206822543,11.9326958484239,10.4236759191265,0.0,-0.130236353622774,0.735440063983375,0.238357516356476,4.94603181589609,0.0,-7.31853814324128
3598,3599,PT16B,2018.0,11.0,17.5303735214622,11.3997660188658,14.4647477369668,5.32591804198672,0.0,2.08955533763499,4.88898684150004,2.4573655754404,121.209611287293,0.0,-0.0355790076031215,-0.5197702449931,-0.539982463973881,10.6120055595948,0.0,4.24814544760737
3599,3600,PT16B,2018.0,12.0,16.2271306285239,9.55918583094356,12.895299945506,0.704268779976892,0.0,2.35206971735402,2.65897787742451,1.90155703117269,3.92482590853253,0.0,0.307600383000113,0.494299191968,-0.63416981737678,6.41397721645162,0.0,0.350679856440922
3948,3949,PT16D,2018.0,1.0,13.8792117420131,6.69861588775152,10.2927955250464,3.31916715722549,0.0,4.07971696735195,13.6846300520309,5.55614063105906,27.824776444737,0.0,0.116183669795906,-1.09240825931066,-1.09423646090968,0.0380320282322937,0.0,0.606090368719713
3949,3950,PT16D,2018.0,2.0,14.1241130479535,5.24061948017448,9.68321700171017,3.82008577262604,0.0,5.09075650356776,13.4801495317519,5.65788539683455,109.65279953707,0.0,-0.401454019392006,-1.0661988989151,-1.05700154222647,9.89852692575804,0.0,6.76876058894021
3950,3951,PT16D,2018.0,3.0,14.3781083109066,8.24591026986747,11.3171238524763,7.83120304996499,0.0,1.55043163008014,6.3760275715348,2.59770593663366,52.5118746643363,0.0,-0.769881440617658,-0.0331480007603813,-0.496926374548642,-0.604086967873772,0.0,2.46152748522568
3951,3952,PT16D,2018.0,4.0,17.5471427178111,9.39446591374573,13.4746898638445,5.72575113028334,0.0,14.1875694465181,5.18383223774471,6.67912874643736,90.1121793435328,0.0,-0.856405389539787,-0.346233966108842,-1.15467016049716,2.46477688671312,0.0,-10.8232729527794
3952,3953,PT16D,2018.0,5.0,19.9610938701143,11.1562020060667,15.5652638053798,1.03748785850272,0.0,8.00099518025697,7.00417117329744,3.86110695436154,14.2997435560453,0.0,-0.700616067705524,-0.868204519505531,0.10183346731252,20.4465356690482,0.0,0.479527617413331
3953,3954,PT16D,2018.0,6.0,21.9214553712876,14.4829064846875,18.2062636228841,2.45153229554648,0.0,19.1287357001758,4.30679963962225,8.32660201018317,23.1188331094185,0.0,0.170881793740132,-1.01012770887607,-0.518556532480904,3.0788622683096,0.0,-2.89073412531041
3954,3955,PT16D,2018.0,7.0,23.6870123969697,16.4752222894416,20.0859643344624,0.310409560075972,0.0,1.17523253765556,2.3892133379745,1.05406654490857,1.94949378952024,0.0,-0.101677185084551,0.817414204995726,0.717231025878788,23.4750855117601,0.0,-0.24939857882708
3955,3956,PT16D,2018.0,8.0,27.2747925039541,15.7078724151765,21.4971027288073,0.0650815500569361,0.0,24.1745848827466,7.34430092480324,11.5034274151404,0.0885789223938168,0.0,-0.722333562009408,-0.648278494555057,-0.140362377378866,23.2961425479044,0.0,-0.0943269791740197
3956,3957,PT16D,2018.0,9.0,26.0400986564416,15.3174211326267,20.6802047859446,0.0128406185794988,0.0,12.1691066803448,1.66899705894166,3.81888067973126,0.0008358258129435,0.0,-0.214120402401824,1.50893764282643,0.0895455380498489,10.5839281555137,0.0,-0.0028697030347431
3957,3958,PT16D,2018.0,10.0,21.7968687366323,11.9061152231272,16.8546387174025,3.26571973554816,0.0,21.9075313967444,8.60840644126861,11.9336064390196,41.1295145249187,0.0,-0.666962511228461,-0.0572717984463043,-0.407663518154909,3.58257509310689,0.0,-2.99870991781964
3958,3959,PT16D,2018.0,11.0,16.2579202682383,10.063834555739,13.16604614477,7.31986662687518,0.0,4.92242377750861,6.6772401748212,3.23736864444205,92.1638072551139,0.0,0.347506485515634,-0.652714086346239,-1.2011374689024,2.76263807335877,0.0,-2.03020608625115
3959,3960,PT16D,2018.0,12.0,15.6744262056678,8.65477288885155,12.1700972443962,3.13909025526568,0.0,1.78590666590972,6.72726911887097,1.79714608670603,53.3392597306191,0.0,-1.04812507057626,-1.21543897807308,-1.10939596371921,7.81415454132715,0.0,1.08220282389096
4308,4309,PT16E,2018.0,1.0,13.806852202246,6.74810166079663,10.2786429281746,2.74392708946338,0.0,4.66262512948245,9.28345400667593,5.0885635766425,24.2787591593593,0.0,-0.450932861335711,-0.631819401236061,-0.975889458799181,1.84528032873348,0.0,-0.395269665774058
4309,4310,PT16E,2018.0,2.0,14.1611993496137,5.62442080472916,9.89579375196336,2.82142683872204,0.0,6.1388171631442,9.1028932174475,5.54509040360931,54.3773801791682,0.0,-1.20089302372608,-1.00845333632483,-1.04754606164726,7.29932499737069,0.0,3.37214194356057
4310,4311,PT16E,2018.0,3.0,14.5684729881248,8.01589382650171,11.2918818004197,7.83825200333849,0.0,2.84391341990255,4.38420262755691,2.34663860487686,60.8689372885573,0.0,0.241491876205136,0.456825028435127,-0.645226655097585,-0.19148649510341,0.0,2.00280273903074
4311,4312,PT16E,2018.0,4.0,18.1495417081245,9.39856809554649,13.7751601389394,4.55655438852139,0.0,18.7652314631063,5.57617120279725,9.15733159910986,49.7602598367791,0.0,-1.15697079773731,-1.0047007816144,-1.25796085642025,2.3834611355487,0.0,-10.604955130764
4312,4313,PT16E,2018.0,5.0,21.1638669636034,11.2655013449514,16.21948920593,1.36177634141423,0.0,11.6153769681257,4.99627659452883,4.93757008790803,29.0312835168644,0.0,-1.20513826581082,-0.597543838118969,-0.46217456730455,22.0857116398305,0.0,-0.119400238800627
4313,4314,PT16E,2018.0,6.0,23.3128909583085,14.6501373015676,18.9838506153127,2.53079339082869,0.0,23.2942151762987,4.95324055613749,11.1170494651405,23.3244614516329,0.0,-0.579335474347623,0.224381227304276,-0.655309928157753,3.8972408055051,0.0,-3.63063034905975
4314,4315,PT16E,2018.0,7.0,25.2841318042109,16.1806115421487,20.7336396348928,0.129511080301329,0.0,2.89052398395473,1.36472531227751,1.32169396993914,0.259501207461689,0.0,0.0308114675611537,0.809320702617585,0.0624178835433287,22.3009597058554,0.0,-0.138980264026128
4315,4316,PT16E,2018.0,8.0,30.4144496013174,16.9064343418576,23.6619472767967,0.0442456946541524,0.0,22.7976145166459,8.24237731660098,12.5741889433789,0.0098687632770537,0.0,-0.678978028216973,0.0789870152247576,-0.195303165198923,5.68144652720203,0.0,-0.0386580730379285
4316,4317,PT16E,2018.0,9.0,29.1935453605105,16.1188334174018,22.6574717268155,0.114268056014446,0.0,10.0453427529407,1.98115499576928,4.30248418984887,0.151354079365635,0.0,-0.0803993393796461,-0.403619034317786,-0.318504043713994,19.8340166695489,0.0,-0.110845901513153
4317,4318,PT16E,2018.0,10.0,22.482637207513,12.6318665532457,17.5587906106881,1.912390483741,0.0,27.9628595176584,9.28756552665394,15.1907286416144,11.240800890344,0.0,-0.687044807942097,0.552403281503927,-0.316783631399745,3.64973324198431,0.0,-5.12708694398911
4318,4319,PT16E,2018.0,11.0,16.0042054827092,9.95640516373311,12.9852785405857,6.33067484933066,0.0,4.70674050057516,5.58115704963191,3.30235964357514,77.6013450432385,0.0,0.0196026316516043,-1.02486815056036,-1.05278915151827,4.76322642382229,0.0,-0.0394745252652493
4319,4320,PT16E,2018.0,12.0,15.5250246608048,8.56212423890377,12.0451063747168,1.48645279535696,0.0,2.98361595888792,3.14327462685288,1.42848944733719,13.1894102268104,0.0,-0.247140560283636,-0.810464601253219,-1.22959714218189,4.49749757098247,0.0,-0.504612023015794
4668,4669,PT16F,2018.0,1.0,14.4054492287971,7.10657667878548,10.7626706795491,2.24616037388389,0.0,4.40175274847945,7.39698522936962,4.49171909578859,19.4766920254173,0.0,-1.1054815913648,-0.473366954080822,-1.14554358805424,2.49214132563776,0.0,-1.56847937950403
4669,4670,PT16F,2018.0,2.0,14.5596552915065,6.15973614768846,10.3707821329727,2.39806117132857,0.0,5.72639176245369,8.53136805121328,5.12858524495917,41.2437334406992,0.0,-1.21204792503269,-1.19925639147217,-1.23301812438528,7.39778930410743,0.0,4.66951410316436
4670,4671,PT16F,2018.0,3.0,14.9017210729525,8.57980561401871,11.7453058298753,7.60685722369911,0.0,2.71464165604168,4.88107917937605,2.56583178220958,63.6723018354975,0.0,2.08838338053108,-0.0224533627179233,-0.500130423671017,0.646523191440882,0.0,2.94321109327101
4671,4672,PT16F,2018.0,4.0,18.3089354383146,9.99813863556394,14.1602745623559,3.46096493712118,0.0,15.6792125080025,5.68929066758267,8.16549159605843,27.81345821944,0.0,-1.06841322066892,-1.08535137553597,-1.14354575886361,1.10090916769526,0.0,-6.89534561607287
4672,4673,PT16F,2018.0,5.0,21.3922361886116,11.9352056616383,16.6687213918144,0.690936966120335,0.0,9.07899586820409,3.81171967832104,4.18077693511769,9.23821402505919,0.0,-0.967407329285026,-0.429360723451433,-0.452517906339743,23.7057975199686,0.0,-0.049447238138891
4673,4674,PT16F,2018.0,6.0,24.1634798288019,15.5084454746478,19.8405927629729,1.27435456696643,0.0,22.2860895366603,5.1071275541717,11.6388724662357,6.47023620311288,0.0,-0.665650440926185,-1.04931330907204,-0.973350246703215,9.60140817786953,0.0,-1.86717093225994
4674,4675,PT16F,2018.0,7.0,25.8980306339687,16.8495552219723,21.3800435419908,0.0565948141543734,0.0,2.30642778922301,1.04463188459956,1.13056953320881,0.0616724363183961,0.0,-0.448884531307192,0.429091861524046,0.0433649487890038,23.4152846413106,0.0,-0.0712556218087376
4675,4676,PT16F,2018.0,8.0,31.0581332039371,18.2073332049355,24.6409805568925,0.0291676917580908,0.0,21.4786917483841,7.10217523952648,12.1057241031717,0.0060698601414536,0.0,-0.156387226495343,0.908510508106136,0.384308972691143,7.82145151473272,0.0,0.0107137050079041
4676,4677,PT16F,2018.0,9.0,29.4064202691603,17.3641319453565,23.3894298465713,0.12833175355655,0.0,8.76358918944072,1.67365419267142,3.85029942162596,0.381706669047645,0.0,-0.633530696815774,-0.84437892337534,-0.923861591949074,22.8182176443849,0.0,-0.0651835409499761
4677,4678,PT16F,2018.0,10.0,22.8737329974017,13.25842031769,18.0747546877409,1.90936536892749,0.0,26.6926599534207,6.25549900768047,13.0444665264247,11.2187213242884,0.0,-0.508099303028168,0.682253937490827,-0.135392904945231,3.89239486094605,0.0,-7.23665888676907
4678,4679,PT16F,2018.0,11.0,16.4268538082171,10.2725045482543,13.3563140763377,5.87959169240169,0.0,3.23878165736084,6.22620541690435,3.21247238374408,95.5167682082912,0.0,-0.0575925431199584,-1.11320411905682,-1.14617463370893,8.93142618571088,0.0,2.70193125119468
4679,4680,PT16F,2018.0,12.0,15.5619639829363,8.3925465794842,11.9843459464469,0.956824634473703,0.0,2.72808247259659,3.14655239824115,1.5453952734954,6.30018556329702,0.0,-0.2345946408318,-0.334339203478783,-0.911206742511152,5.76282649997021,0.0,-0.204218654110484
5028,5029,PT16G,2018.0,1.0,12.2782351851835,5.26016133194307,8.76424974439203,3.10235107033443,0.0,6.87869393046476,8.14590556354054,5.21782567648049,25.0509988740708,0.0,-0.819041611193775,-0.714776583581882,-1.26328700941894,0.906935909912871,0.0,-1.21509812020705
5029,5030,PT16G,2018.0,2.0,12.4372227954902,3.62365421690241,8.02452005142744,3.41965336454708,0.0,8.10044011922312,8.81733502671513,6.31978983639792,89.2971417885759,0.0,-1.14603179736866,-0.774311794183304,-1.30269149329484,7.65176310812904,0.0,-3.74145414200297
5030,5031,PT16G,2018.0,3.0,12.4671050550627,5.39451183736165,8.92427108705155,11.889779082355,0.0,4.37941864345666,4.88606413778695,2.62387174707094,140.457647536037,0.0,1.94237601407956,0.0208988583257632,-0.103123731115277,-0.34807193171541,0.0,4.4024777032582
5031,5032,PT16G,2018.0,4.0,17.4026512229131,7.88574523037719,12.635521253962,5.00418745819239,0.0,28.6439418643494,8.8450115443669,15.4831673287182,52.0697693836349,0.0,-1.33095680470765,-1.0157872231188,-1.27459142127819,1.2958706526371,0.0,-12.3977123362917
5032,5033,PT16G,2018.0,5.0,20.8626229639301,9.90010720590857,15.3733391031479,1.24585812705016,0.0,12.7024176738638,6.30510100932668,6.66163617404941,10.4373478593881,0.0,-1.35215958729937,-0.643433607319686,-0.511482989327425,14.3815743550904,0.0,1.55818261307937
5033,5034,PT16G,2018.0,6.0,23.2990869100896,13.3414349910854,18.3136123545712,2.92044099144907,0.0,27.9354114583593,7.30941325731647,14.6986402310173,26.6845533683673,0.0,-1.29441890825154,-1.11610826723983,-1.23494634495749,5.29245659506762,0.0,-4.7281284850089
5034,5035,PT16G,2018.0,7.0,25.8249750807206,14.6491405527677,20.2313110962813,0.224691569214304,0.0,6.05811390182096,2.20928760589324,2.93537190620195,0.622955322992625,0.0,-0.011532857873267,-0.232354808929936,-0.378033607674336,11.4492501664337,0.0,-0.577508240110634
5035,5036,PT16G,2018.0,8.0,31.2463350100513,16.5602542162943,23.8984190307598,0.0352233624713282,0.0,18.435375038058,10.282573693431,12.5686822158675,0.016336370532141,0.0,-0.670043760075903,0.323255642377656,-0.220134801037215,20.2240940872896,0.0,-0.0321322576887253
5036,5037,PT16G,2018.0,9.0,29.7749753568954,15.8156410096445,22.7898222874196,0.30207141292728,0.0,6.19542468135113,3.32613810077671,4.07895139521578,0.708028461309898,0.0,-0.312186632630735,0.461280617529845,-0.283676523549685,6.96956507830777,0.0,0.373103316218525
5037,5038,PT16G,2018.0,10.0,21.3227224535321,11.0096552278047,16.1587396371751,1.56848072858348,0.0,27.3896651016376,11.3175543613609,16.4959297348161,8.23510205144332,0.0,-0.423892840837648,0.831201869868225,-0.0708502669508659,2.00222787751013,0.0,-3.81545112915007
5038,5039,PT16G,2018.0,11.0,14.07958591511,8.13296502935185,11.102531010305,7.78389926859782,0.0,5.47836862372738,4.60669021297743,3.76149664501115,101.367477219657,0.0,-0.750940303796105,-0.953949462004473,-1.21368392040727,1.73078700993303,0.0,-4.25412013637636
5039,5040,PT16G,2018.0,12.0,14.1224038767619,7.33406237077717,10.7227858971737,2.3506091977825,0.0,4.84122741447723,2.46185587325339,2.12213402101453,38.2349761433848,0.0,-0.649843964908508,-0.896992383855084,-0.59735016660128,10.9440645686351,0.0,-2.19252607588428
5388,5389,PT16H,2018.0,1.0,13.9805761426403,5.24016331667711,9.6156697693322,1.63706364107035,0.0,9.93626816234217,6.90287971402313,6.59469317606062,12.9528123888542,0.0,-0.821960977905493,0.300855232795394,-0.591440028819056,2.78125535608369,0.0,-3.24125077053282
5389,5390,PT16H,2018.0,2.0,14.2466117295242,5.06173076305468,9.66478546475061,2.64024470859856,0.0,8.47298411219724,8.78377414230724,6.60733692085149,86.5182733986657,0.0,-1.36153686346166,-1.24199357776697,-1.11104630766039,8.79308517847208,0.0,1.88162157631175
5390,5391,PT16H,2018.0,3.0,14.647525372774,6.61356376737657,10.6420220248747,8.54386164289771,0.0,7.55336104363708,5.32935729405026,3.82071343068065,156.512172609435,0.0,2.18033640429349,-0.485578772315773,0.343386164681814,5.94383801647701,0.0,1.77530656416059
5391,5392,PT16H,2018.0,4.0,18.9117359783826,9.18166677707743,14.0539661472458,2.14850839457408,0.0,25.130944474148,12.2967221704235,15.8260812890129,10.3800616112261,0.0,-0.773093712717289,-0.983144838115718,-0.70392281287796,2.80914757112505,0.0,-4.712929480084
5392,5393,PT16H,2018.0,5.0,23.411087874609,11.0955405427277,17.2637380215447,0.932005395488626,0.0,9.24553766063594,6.15284636172232,5.71894650627911,7.96748370341448,0.0,-1.2323194946792,-0.257090122047731,-0.49112296954331,15.3074339189236,0.0,0.309083450565498
5393,5394,PT16H,2018.0,6.0,28.2045378863407,15.4608561688006,21.8393117950651,0.527226426208177,0.0,34.6100998180424,13.4680321122514,21.5878203262892,1.77713949795793,0.0,-1.49539994939596,-1.50424676527873,-1.55323900591481,14.8918691728694,0.0,-2.28234158854013
5394,5395,PT16H,2018.0,7.0,31.2276974861789,15.8720897894783,23.5592766232499,0.116882697120394,0.0,9.31514293617298,2.42385939926139,4.30556335313367,0.328858938460468,0.0,0.362208797301439,-1.15186470596704,-0.781273011535145,23.3468425658729,0.0,-0.463633720609178
5395,5396,PT16H,2018.0,8.0,36.4865129970821,20.5322489847904,28.5211027835725,0.0786725075548809,0.0,11.5335419517312,11.1468888276348,10.7025028693823,0.105853311072034,0.0,-0.174522652304745,-0.0415586602206677,-0.175476888594015,15.8212421319755,0.0,0.276940762848895
5396,5397,PT16H,2018.0,9.0,32.9192381735753,19.0128537357191,25.9753864174984,0.535793607298975,0.0,7.4110069320534,4.76035658595872,5.08863986545677,4.67903191230875,0.0,-0.57551934874558,-0.0770107357038503,-0.498944210606206,19.991881750356,0.0,-0.135678967099906
5397,5398,PT16H,2018.0,10.0,22.9977998761764,12.6568674767895,17.8362278882968,1.82478278534112,0.0,31.7950998763396,10.251194674569,17.9130552862248,10.4331953023387,0.0,-0.706899353639646,0.578629239723028,-0.286225934850082,0.537161298981293,0.0,-3.40944121684098
5398,5399,PT16H,2018.0,11.0,15.5115721697436,8.76464572456252,12.1517523418747,5.01998824143596,0.0,7.22058425785295,7.34046526794678,5.28491370835415,76.2326937767505,0.0,-0.319170811554339,-0.968654603212869,-0.732999401772562,7.31022416855871,0.0,-1.48769496711699
5399,5400,PT16H,2018.0,12.0,14.1754202505705,6.42008490249073,10.3073338876657,0.886056518088747,0.0,8.57978859705149,3.94621714713088,4.36706266770228,7.07344701381236,0.0,-0.682989709993928,-0.573493363377983,-0.463500346589324,7.96231895249687,0.0,-1.78420939824829
5748,5749,PT16I,2018.0,1.0,14.6763040948605,7.18172699202648,10.9277287406672,1.91571494850534,0.0,4.86837452651838,5.5383646347343,4.15461144839794,20.3326173169783,0.0,-1.40350076534397,-0.0896230217650014,-1.25912753395154,5.93956992379226,0.0,-2.21045929531216
5749,5750,PT16I,2018.0,2.0,14.9773865968381,6.41984371222599,10.6962947409557,2.47964150510138,0.0,6.1415285038889,6.84496555191888,5.02196331039793,54.9344530507005,0.0,-1.1348264512712,-1.1715867503532,-1.34430660584353,7.84151199764243,0.0,4.99182397422359
5750,5751,PT16I,2018.0,3.0,15.4361506074994,8.33985985065491,11.8873788907952,7.37916315088576,0.0,4.16178920707224,4.66816734555404,2.74725883754177,84.4959567518747,0.0,4.50896649469481,-0.19197674149581,0.0341110822338933,1.84837631616431,0.0,2.38821761680565
5751,5752,PT16I,2018.0,4.0,19.0816308639304,10.0118405176311,14.545670034293,3.19015849984675,0.0,17.0082933337529,7.42254962237491,9.98112583568217,29.5238230689623,0.0,-0.996715767216623,-0.757609866847562,-0.813493068564543,5.49146936133486,0.0,-6.0577637224349
5752,5753,PT16I,2018.0,5.0,22.7231083713945,12.0038152311646,17.3615243664141,0.997847896115211,0.0,9.18134484454289,3.79995931062282,4.82905690822076,12.1156907934753,0.0,-0.874051856296799,-0.308016972931253,-0.409786321673427,11.0566760539683,0.0,0.542348587896169
5753,5754,PT16I,2018.0,6.0,26.321628313069,15.6201841144417,20.9683106771173,0.665721798719211,0.0,25.4829440796206,7.76967512260324,14.7563290218209,2.22332398709927,0.0,-1.22738455959776,-0.841470848861489,-1.10344006125607,5.01640594797024,0.0,-0.0249399967134771
5754,5755,PT16I,2018.0,7.0,28.3286558887254,16.5905165490057,22.4579291626758,0.0485667715337021,0.0,4.28895592312025,0.970484159814055,1.84214719150306,0.0511571807079764,0.0,-0.484733264923187,-0.264926538496545,-0.820639957737785,23.0873586264902,0.0,-0.110698615539292
5755,5756,PT16I,2018.0,8.0,34.0896887505958,19.4592615950509,26.7749849010837,0.0086574318166473,0.0,17.2651925751152,10.619815918825,12.795794000621,0.0023234848954568,0.0,-0.196278556811915,1.15769540613448,0.430158761148048,24.1904266389178,0.0,0.0849855897929411
5756,5757,PT16I,2018.0,9.0,31.4803787400166,18.5596549804379,25.0217554185032,0.161280481171805,0.0,8.87080250658182,2.99731378530482,4.71558108224316,0.388761596777455,0.0,-0.573965846609905,-1.13113068345452,-0.910260033097227,14.6053557586282,0.0,0.0815453995286405
5757,5758,PT16I,2018.0,10.0,23.4537210783567,13.6862028236993,18.5700717394862,1.82976002494139,0.0,27.4311702288659,6.79230487220997,14.2969333180702,10.5885891634582,0.0,-0.482235196247322,1.17676708884561,-0.050235838363506,2.23065793041838,0.0,-7.55110617613099
5758,5759,PT16I,2018.0,11.0,16.7043909012927,10.0279963075078,13.3647129596818,5.15265985788384,0.0,3.16173628871738,5.59600428282083,3.25047224417706,90.5480230906017,0.0,-0.860970348401676,-0.66939942656934,-1.10771774536354,9.28623036571166,0.0,3.15439709718515
5759,5760,PT16I,2018.0,12.0,15.2782680506737,7.85772897407459,11.5640941642825,0.79137541495989,0.0,3.47139298335186,2.83526732392784,2.34822503179529,5.09200093163902,0.0,0.0338031607810416,0.454147490264916,-0.565914403064839,7.52561743575503,0.0,-0.264196415042709
6108,6109,PT16J,2018.0,1.0,11.7801563011376,3.51985183250037,7.64714547367347,1.81574486570928,0.0,9.54105128787271,9.04819960514216,6.47312980308315,11.1339079445234,0.0,-1.44549980299912,0.392694549557987,-0.766489798105513,1.87955103118923,0.0,-1.53262622758251
6109,6110,PT16J,2018.0,2.0,11.8026341139512,2.22133845340383,7.00829384325731,2.5610827494851,0.0,9.42831274790585,10.4281545306278,7.02096860619306,64.2792130709234,0.0,-0.90362615841975,-0.822033972842273,-1.16477717240412,9.84035242346279,0.0,-3.21717350365517
6110,6111,PT16J,2018.0,3.0,12.5671777890127,4.41505555735043,8.48732738753312,8.75434124891557,0.0,5.39639035548718,6.21920943105659,3.1185037798902,112.564588025149,0.0,2.8466853824586,-0.271284157894097,-0.34388604498955,4.75348887511145,0.0,4.93022394591831
6111,6112,PT16J,2018.0,4.0,17.6278495499349,7.26481977262032,12.4427645329462,2.93209552988903,0.0,30.0910916463051,9.596150250157,15.7610511754613,15.3957800257907,0.0,-1.04224354119927,-1.14088829776647,-0.974731274112245,0.965488459366243,0.0,-6.88778002730657
6112,6113,PT16J,2018.0,5.0,21.8036389837209,9.2554958275483,15.5286106019549,1.02123334692452,0.0,10.8241180810847,6.94290630687898,6.68454066246771,7.0136473917731,0.0,-1.24402905151754,-0.186563567532767,-0.249888452883269,15.0037323507855,0.0,0.991717927488807
6113,6114,PT16J,2018.0,6.0,25.9110873179312,13.5235868559663,19.714121064511,1.40880068119059,0.0,32.8574146600282,9.15618435455814,17.7561894923212,5.71900057190623,0.0,-1.47085127762985,-1.32305427633573,-1.46781376055526,2.06353322106881,0.0,-3.92615779170612
6114,6115,PT16J,2018.0,7.0,29.3866807284506,14.2591191995154,21.815024453165,0.151708893138786,0.0,8.60321442283695,2.06828500962315,3.74559485105608,0.35194015067203,0.0,0.412376621308676,-0.663774996232051,-0.480275108951163,13.4729348504144,0.0,-0.549375790585094
6115,6116,PT16J,2018.0,8.0,34.1304489139222,17.1465540733395,25.6354140805247,0.0360058543227748,0.0,11.6181448756935,8.31277262473969,9.36331038812214,0.022479389924199,0.0,-0.40005899129229,-0.132360272706578,-0.230880418533999,18.4121237763727,0.0,0.0547936334825661
6116,6117,PT16J,2018.0,9.0,31.4297087238757,15.8566462901212,23.6400782051291,0.394661430858577,0.0,5.33568700211606,3.39997655705505,3.37435953033751,0.937192572540071,0.0,-0.300702241424123,-0.396226799152211,0.0921880928278052,7.1983314097314,0.0,0.25512946874057
6117,6118,PT16J,2018.0,10.0,21.22768869964,10.0745090099722,15.6501973184188,1.45938431667113,0.0,29.2501534455253,10.8480195572777,15.8276098619353,5.77295361250607,0.0,-0.638737803448555,0.747189774107572,-0.0432864031549181,0.482740472686251,0.0,-2.95001364081165
6118,6119,PT16J,2018.0,11.0,13.829763076106,7.12129603751831,10.4721375766358,5.75633296788854,0.0,5.82195443964954,5.63288130818596,4.00258065952051,85.0084029153312,0.0,-0.393193944245549,-0.946746924745721,-1.31390002081161,7.08079360483144,0.0,-1.19604072598787
6119,6120,PT16J,2018.0,12.0,13.2539412756878,4.83452618125287,9.04177436768227,1.34112115360043,0.0,5.70336206465384,4.18363778958881,2.91433636661154,11.1555966119995,0.0,-0.421839108152504,-0.679292700941905,-1.16427980965338,4.6969984718875,0.0,-1.45962954281008
6468,6469,PT170,2018.0,1.0,15.4476474565336,8.55351721499185,12.0043270683238,2.09904231950204,0.0,3.54512114246105,5.69032993690918,3.43375780921632,30.8122454857594,0.0,-1.09006621673489,-0.327956943209,-1.1224268959634,7.87113311747802,0.0,-1.13543331687263
6469,6470,PT170,2018.0,2.0,15.456179140689,7.55697792040384,11.5112304545627,1.67784560348861,0.0,5.09900327620993,6.85789900916047,3.99009791407152,19.9711003234282,0.0,-0.871419081021769,-0.597160740930037,-1.16082931772914,7.00425569961454,0.0,3.47352643111729
6470,6471,PT170,2018.0,3.0,16.0816776570677,9.94573305250251,13.0154958679718,5.69977537817374,0.0,3.14670792223592,4.76103896262596,2.48832353049494,60.87837100759,0.0,4.05127488261949,-0.0372119921274132,0.18748837786911,1.59585847059558,0.0,1.77457471709071
6471,6472,PT170,2018.0,4.0,19.1568148360094,11.0140343946376,15.0948109590193,3.25572015877209,0.0,13.5708706025325,5.22514399008219,6.94350895209063,31.6086412467813,0.0,-0.639224588353227,-0.563488420883485,-0.482967431925209,4.19953131542531,0.0,-4.92487483884358
6472,6473,PT170,2018.0,5.0,22.3501352497833,12.8444465571613,17.6034312829078,0.349509924702943,0.0,9.99969254248216,2.45619072775543,3.8272515021974,3.59017799297771,0.0,-0.642758364657436,-0.932082135180774,-0.475061461793262,24.170163433562,0.0,-0.216582141842793
6473,6474,PT170,2018.0,6.0,24.9811586167226,16.1450294277963,20.5646083911847,0.747593459835351,0.0,19.7745874534029,4.01544980562833,9.84818781156843,3.46195247135378,0.0,-0.162429111921286,-0.330322247153412,-0.124460569583646,7.0823909288408,0.0,-0.0731802132575021
6474,6475,PT170,2018.0,7.0,26.3336335425493,17.7198189080501,22.0321896115604,0.0648460310551001,0.0,2.61893245649747,0.868462618039587,1.16558753604836,0.0869425669122449,0.0,-1.0544253702073,3.34646204507891,0.436257822566452,22.0147008129621,0.0,-0.0544635065687001
6475,6476,PT170,2018.0,8.0,31.9827189222074,18.7559076162547,25.3771209642662,0.0,0.0,22.2756417942866,7.76362256211454,12.3802401695458,0.0,0.0,-0.0028840245043872,0.985561071721661,0.907625968857705,,0.0,0.0
6476,6477,PT170,2018.0,9.0,29.9376426420764,18.030574126817,23.9877721918795,0.0,0.0,11.0416045809306,2.68981939275815,4.09991332605348,0.0,0.0,-0.330003983219919,-1.02946273006473,-1.05773344912633,,0.0,0.0
6477,6478,PT170,2018.0,10.0,23.7726283873041,14.3694234660659,19.0767007303766,1.33461251131429,0.0,22.8994083296203,4.51160699227302,10.8402911191345,9.30081532630441,0.0,-0.197931907641697,0.648645334534393,0.252385301695015,5.84518787975799,0.0,-6.50363433303102
6478,6479,PT170,2018.0,11.0,17.6109551221287,11.0703657573611,14.346896478753,4.98854291549091,0.0,2.10486702418001,6.04556379391172,2.74601665917191,112.358366809026,0.0,-0.189152191305177,-0.597981538436428,-0.569918904969732,11.0895458217878,0.0,4.69071275006716
6479,6480,PT170,2018.0,12.0,16.2171800999823,8.9208419188054,12.5725892521674,0.643030065758546,0.0,2.3314090256879,3.11354665120452,1.98902887855841,3.41972495671751,0.0,0.200906441966478,1.1333138575739,-0.473753050798616,7.29690387451434,0.0,0.334195096109972
6828,6829,PT181,2018.0,1.0,15.1101006662996,8.14309196129542,11.6292502494142,2.1322981376557,0.0,3.06782096809784,4.97300975574085,3.13392345326896,33.2099852079806,0.0,-0.886521444993729,-0.485173190743134,-1.24786301565435,8.79321198113443,0.0,0.70086226919527
6829,6830,PT181,2018.0,2.0,15.2491521297708,6.74890196532348,11.0035016792882,1.75095894433705,0.0,4.52551174485833,6.87773341339195,4.22933812744212,27.775390118363,0.0,-1.02834348043241,0.109692293423488,-0.860457443478674,8.19613720522154,0.0,5.30759475080918
6830,6831,PT181,2018.0,3.0,15.8814469821756,9.79488021041958,12.8437334469673,3.83051808642621,0.0,1.60915252573831,4.80700639322702,2.03285964341991,20.6272013911872,0.0,0.586484883134343,0.114230741314744,-0.14795602853359,0.145535239733723,0.0,1.06081644086812
6831,6832,PT181,2018.0,4.0,18.6109323405389,10.5100046546105,14.5644057291467,2.94528503573061,0.0,8.82104867361069,5.06557359126201,5.60143558003105,23.1753306517375,0.0,-0.843115212678223,-0.568207273551526,-0.683874873351844,1.38988465822082,0.0,-3.67413739165779
6832,6833,PT181,2018.0,5.0,21.0545154654764,12.1601386645792,16.6089493941685,0.61945715371918,0.0,5.42246356917783,3.04134629659923,2.81786000985751,2.37516274251294,0.0,-0.650043825711443,-0.510463034160504,-0.303799089690806,6.81714835679937,0.0,0.50882341485345
6833,6834,PT181,2018.0,6.0,24.1645544476097,15.0933272766316,19.6337306244349,0.77317963558115,0.0,12.1707484470496,2.75984057724206,6.13536862677189,4.3094135033216,0.0,-0.535895258084444,-1.06524310191456,-0.705212262430589,14.5741871207225,0.0,1.97575962080653
6834,6835,PT181,2018.0,7.0,25.5828431972473,16.3086096893496,20.9531255751646,0.0167183251714062,0.0,1.4722431220716,0.643077539390274,0.479120935862013,0.0049870099730148,0.0,-0.976221062925021,-0.829911228643631,-0.303185635991608,21.3846614628301,0.0,-0.0122832374512211
6835,6836,PT181,2018.0,8.0,30.0779208336961,17.618213135975,23.8518650162344,0.0245914166641893,0.0,16.9373806710414,5.49194834968542,9.59272831787077,0.0094854557106967,0.0,0.427629884179328,1.5028672055558,1.04859731056379,19.9218893085803,0.0,0.0190656502868573
6836,6837,PT181,2018.0,9.0,28.5374139180595,17.5911156728651,23.0680782468959,0.0869402316674165,0.0,6.99560599060428,1.94388638683722,3.14550128103913,0.175002548152605,0.0,-1.02628268849929,-0.971877787272114,-1.15289896039721,22.8246422477244,0.0,0.236110407484497
6837,6838,PT181,2018.0,10.0,23.0639841458791,14.2599469644062,18.6655318347238,1.8868371702295,0.0,17.1137541515255,5.6748049726829,9.54063468615147,12.7052083929702,0.0,-0.45789497286738,0.0654344653719061,-0.271170593903041,6.48603399123409,0.0,-6.50807512161029
6838,6839,PT181,2018.0,11.0,17.4837098358683,11.2363003903816,14.3613638886082,3.50058591922425,0.0,1.9954578492729,4.90782671395814,2.31333519992099,30.6225979584881,0.0,0.684565706350666,-0.486150814733979,-0.708408698539573,3.12960361808755,0.0,3.04565569664476
6839,6840,PT181,2018.0,12.0,16.8445489265576,9.08509353712172,12.9698619654562,0.440337633906474,0.0,1.58470118403147,1.9526918434576,1.0057502357242,1.69377615913644,0.0,0.793851223852707,1.56457378114093,0.657244318473099,7.26883571826163,0.0,0.07686072827389
7188,7189,PT184,2018.0,1.0,14.6603169857813,6.43301769925525,10.5461583901204,1.53413526385907,0.0,4.98412210109554,6.68521080638497,4.38758473886819,26.2840570125771,0.0,-1.13660828880237,-0.338464306939198,-1.25132078143866,16.7274398560599,0.0,1.33006722816976
7189,7190,PT184,2018.0,2.0,15.4215798067476,5.02268019098566,10.2240772118348,0.951226848450167,0.0,7.60186689995919,9.10142974406527,6.63948830779018,7.6855728709989,0.0,-1.147340031846,-0.0131087408928239,-1.18289557803536,14.8433441851918,0.0,3.16319038755958
7190,7191,PT184,2018.0,3.0,16.0969759115616,8.17772759846171,12.1379525016952,5.41334541573116,0.0,4.10238028257876,7.02841698364224,3.28137698796024,54.403547411233,0.0,2.06135436413359,-0.600024687482563,-0.918592305736343,2.16995423730843,0.0,2.05370433025461
7191,7192,PT184,2018.0,4.0,19.5936322671682,9.33278460881003,14.4639129092261,2.69149244503577,0.0,13.5436346792572,7.03402792289859,8.18763348142442,24.9574543289243,0.0,-1.11170217870785,0.188927523999172,-0.884273945726501,5.05091236072528,0.0,-4.96353768934118
7192,7193,PT184,2018.0,5.0,22.8620992216122,11.0586266648922,16.9602188493635,2.51346237810476,0.0,9.00049504857487,4.55056898790831,4.89418440201386,65.8654717760072,0.0,-0.711843877743249,0.104387892099234,0.104595871861771,12.9671040534102,0.0,1.93231106641743
7193,7194,PT184,2018.0,6.0,26.9857371281149,14.3832073201803,20.6862721667873,0.478604292855817,0.0,22.3454821604078,6.37786848620427,11.6900179431293,2.48840884377777,0.0,-1.28529356701967,-0.303319913591759,-0.940331663735314,18.4241415074717,0.0,0.150454335893647
7194,7195,PT184,2018.0,7.0,29.4752792721154,15.268321538643,22.3736432821955,0.0016793475619922,0.0,4.53274671857059,0.924259649631703,1.4104265834747,4.92453473318074e-05,0.0,-0.732160413059207,-0.711058504906196,-1.0365688104152,16.5715569850361,0.0,-0.0025109397026698
7195,7196,PT184,2018.0,8.0,34.9114847215672,17.994470099436,26.456301041254,0.0863388344148726,0.0,14.2194587242097,10.3044220863907,10.728470911044,0.174837224652241,0.0,-0.51631823823243,0.0715539855280269,0.0421295983939318,23.3548108876674,0.0,0.187591642567144
7196,7197,PT184,2018.0,9.0,32.0414817436178,17.5666183525458,24.8046325205118,1.29160697593402,0.0,8.05115094328273,2.72915062667006,4.07645598186586,45.2195208389001,0.0,-0.841753078295159,-0.786203793355089,-0.674566313540796,23.0852904078251,0.0,1.62006512823157
7197,7198,PT184,2018.0,10.0,23.7916800811798,13.1373265561672,18.4633864912141,2.57370362524769,0.0,29.6359381577444,9.41680932598603,15.8947275332961,21.9154067062986,0.0,-0.631455213814916,0.175730047156187,-0.293921182601167,0.989495495090405,0.0,-7.51419698916663
7198,7199,PT184,2018.0,11.0,17.4425003786464,9.70003218345421,13.571768979048,2.75865730683216,0.0,2.6350775165638,6.21377286855549,2.88841629844474,19.6547262310268,0.0,-0.156169991654437,-0.536556219750587,-0.732357017218985,2.78769237740711,0.0,2.68269349831848
7199,7200,PT184,2018.0,12.0,16.4506699189586,7.25338788063486,11.8522250375253,0.414912044753873,0.0,3.13148080958305,2.63076818398428,1.71054070258584,1.65578209268017,0.0,-0.130610439932908,-0.151464578650779,-0.527548016472951,8.76667384802737,0.0,-0.0732211364904848
7548,7549,PT185,2018.0,1.0,15.4813352437401,8.65094526265012,12.0617035234544,2.06110914789463,0.0,3.53175638915994,5.24803601854593,3.33104841922844,29.3247473863661,0.0,-1.1598751073103,-0.253667730629706,-1.18967401523046,7.78158223854539,0.0,-1.19503377515591
7549,7550,PT185,2018.0,2.0,15.5357171184686,7.72683944703203,11.6290579842488,1.75849751177398,0.0,5.22634511181907,6.39693696674315,4.08606812955823,22.1678815042997,0.0,-0.927208629481555,-0.657331498757296,-1.21310828189829,6.85119359811475,0.0,3.53351282374197
7550,7551,PT185,2018.0,3.0,16.1426973705888,9.85588913850208,12.9923843829409,5.78221433111628,0.0,3.34229843281196,4.5266559353182,2.45469154738041,62.0543705309854,0.0,4.21452715389904,-0.0686373921645509,0.15109803817711,1.48363668593906,0.0,1.72901595014803
7551,7552,PT185,2018.0,4.0,19.3130624660654,11.0457393668765,15.1701372868197,3.23747240871801,0.0,13.6809775907988,5.31272867261802,7.27178953827729,31.8173063832094,0.0,-0.654602170965644,-0.487695404379478,-0.528097866428106,4.41145580348086,0.0,-5.2081316791878
7552,7553,PT185,2018.0,5.0,22.5182694401031,12.9609361959603,17.7303851911201,0.416847164492663,0.0,10.1070912457725,2.46726977816484,4.12955710972867,4.08640561209794,0.0,-0.691509589282417,-0.691047131705188,-0.476252190426958,23.6407069750488,0.0,-0.16271764925933
7553,7554,PT185,2018.0,6.0,25.1763408988035,16.1894820071314,20.6784129653367,0.748474812197548,0.0,20.6856428651545,4.69355709269049,10.6936685420276,3.33404260731452,0.0,-0.312765011764799,-0.150605541243177,-0.164685282023433,6.01684882655367,0.0,-0.0449205438973907
7554,7555,PT185,2018.0,7.0,26.5850216255536,17.6999369586974,22.1349631219262,0.0601797478864821,0.0,2.74594266994236,0.811260187466908,1.18378982154969,0.0758484952914452,0.0,-1.02099085938709,2.69320806726323,0.144586028457315,21.3336688203566,0.0,-0.0526293182126958
7555,7556,PT185,2018.0,8.0,32.3315863241151,19.025788828287,25.6739970262978,0.0002073437308557,0.0,22.0594640094417,8.70951968416865,13.0130561456511,1.33273410448105e-06,0.0,-0.0794248136609728,1.150613279256,0.799462972630298,24.1904266389178,0.0,0.0020949745024547
7556,7557,PT185,2018.0,9.0,30.1766182661388,18.3299411304384,24.2490446735424,0.0053563797137743,0.0,10.8588220983855,2.83778637088924,4.3460017065021,0.000860724109144,0.0,-0.294849311716343,-1.02608152560612,-1.04822916701942,23.1966666666667,0.0,-0.001766440976188
7557,7558,PT185,2018.0,10.0,23.8310337372314,14.5984721774962,19.2083536596687,1.35086315950694,0.0,23.1900062204433,5.06409254691381,11.5487125159382,9.20163049043346,0.0,-0.150671988062256,0.774643625641389,0.280667617892664,5.39833684616726,0.0,-6.78029243495503
7558,7559,PT185,2018.0,11.0,17.664122647679,11.1695098350566,14.4089026153463,4.97184771400232,0.0,2.05162694292778,5.45923010748841,2.59146072488577,109.625209493289,0.0,-0.182777446996766,-0.51329780658144,-0.581074275849714,10.7700533589558,0.0,4.43785254997255
7559,7560,PT185,2018.0,12.0,16.2677645717516,9.09716548680962,12.6790555537199,0.654537198900724,0.0,2.34381870962775,2.87997222625877,1.96935020627018,3.52879878768604,0.0,0.296618702802191,0.953457514739251,-0.544283632454429,7.18749525908056,0.0,0.318634247775819
7908,7909,PT186,2018.0,1.0,14.2440614597929,5.39745085729619,9.82157563590246,1.4883470411609,0.0,6.3071891103418,7.39521232473155,4.98211482065184,13.0531428686233,0.0,-1.26077851372164,0.447536901493761,-0.747366925688234,5.08277362450352,0.0,-1.23059889816288
7909,7910,PT186,2018.0,2.0,15.0327611547138,4.54108092541354,9.7912229324066,2.26184910051992,0.0,7.28329371398533,8.71795474579881,5.96088587293874,55.2043957976244,0.0,-1.25387291002747,-0.682167927713292,-1.29432500874538,10.4896373054076,0.0,6.77060804640972
7910,7911,PT186,2018.0,3.0,15.5923833436269,7.23855274399342,11.4159083187537,7.0755766606621,0.0,5.12179923412954,6.23997485480532,3.25965040439586,83.4877139895615,0.0,3.35598894212664,-0.293854301138496,-0.387931452584633,1.51457147479436,0.0,3.4182016000944
7911,7912,PT186,2018.0,4.0,19.779632406053,9.10830274144368,14.4405820080363,2.6249156407535,0.0,18.9157017843503,9.21135009881435,11.2718338009658,22.9093570233701,0.0,-0.893448706126272,-0.676920509375032,-0.726855284342452,8.19814532443414,0.0,-5.06249692419742
7912,7913,PT186,2018.0,5.0,23.7103391294483,10.9910165229814,17.3550245123974,1.50475769984716,0.0,9.21006317453649,4.3911934828336,4.56890362508356,21.4180905906167,0.0,-1.02903155932553,-0.133402064277658,-0.406606377308224,9.88164327992675,0.0,0.759024289554452
7913,7914,PT186,2018.0,6.0,28.1663095635492,14.8712732913814,21.5206337792891,0.600644302691878,0.0,30.6344058233608,8.77214319866838,16.7462440510207,2.0667359507047,0.0,-1.50654446842268,-1.20914041205687,-1.43395609403873,6.3737475983964,0.0,0.146567860810009
7914,7915,PT186,2018.0,7.0,30.8904671410469,15.5669566925449,23.2312058328741,0.0663096287112203,0.0,6.0722171748622,1.29601756064213,2.4395002091105,0.0621138668508887,0.0,-0.313941833216715,-1.00460294690528,-1.01145114583489,13.0656996934159,0.0,-0.16184027924468
7915,7916,PT186,2018.0,8.0,36.349131162403,18.9001471987937,27.6267847621342,0.0106523957469304,0.0,13.4216917737668,9.62277594967505,10.4289315410571,0.0031207532602206,0.0,-0.316882967196134,0.74924442119469,0.265747853550402,23.9853931268523,0.0,0.0860546466116206
7916,7917,PT186,2018.0,9.0,33.162926497156,17.9413479964545,25.5520686721952,0.253432866349757,0.0,7.94921877372945,2.75972036183151,4.1568281971246,0.708865702864809,0.0,-0.706122937502778,-1.08794872524116,-0.695896814869346,8.90390606198297,0.0,0.122034785553129
7917,7918,PT186,2018.0,10.0,23.7689575277592,12.4126844609215,18.0923758342776,2.10621506935101,0.0,32.4104207148056,7.53660915778885,15.6060994104154,12.057652392463,0.0,-0.626977973748304,1.16167614432339,-0.0460262139630205,1.62641683774558,0.0,-5.20239271002461
7918,7919,PT186,2018.0,11.0,16.6196414833701,8.97524847109944,12.8012106920978,3.70975733401847,0.0,4.04801436415169,7.01678102662311,3.8239616905988,32.5366641892158,0.0,-1.10432176727421,-0.586920218355345,-1.10867763513637,4.65994227985748,0.0,2.46221163779422
7919,7920,PT186,2018.0,12.0,15.1212652762181,6.25814984185346,10.6860732117435,0.719544264013383,0.0,4.09361265919679,3.42213348629404,2.61111997453487,4.69094394362335,0.0,-0.322285443335784,0.293211795866584,-0.817503589669928,8.9838613327842,0.0,-0.318205386664331
8268,8269,PT187,2018.0,1.0,14.5205960199362,5.8487575276511,10.1836847614753,1.57735524419032,0.0,5.93057775199991,7.94806846345027,5.04768348859033,17.1054207465103,0.0,-1.16112547224896,-0.118093321735541,-1.13083296216849,7.29497687432698,0.0,-0.3231645649297
8269,8270,PT187,2018.0,2.0,15.3951519424515,4.68915203522958,10.0406596193313,2.02651663879748,0.0,7.48124016027797,8.58256557743015,5.90035916554613,43.9268045686231,0.0,-1.19405955551979,0.256278440554767,-1.13869868439877,14.1107149815337,0.0,7.22568588513626
8270,8271,PT187,2018.0,3.0,15.9520525497703,7.55292648226491,11.7513889003203,6.63492921824627,0.0,4.31291476612813,7.13280357205839,3.39160509055833,73.3189225911961,0.0,3.19736377080351,-0.397894731246521,-0.680766151955207,1.37720614574877,0.0,3.51957919830072
8271,8272,PT187,2018.0,4.0,20.0121860262535,8.98584560642328,14.5004529025273,2.99629520987053,0.0,15.4403267575821,7.74427180360263,9.11467192073882,30.4590262541429,0.0,-0.956684554667749,-0.173924512473752,-0.692087991287679,5.80147010929674,0.0,-5.48059878778798
8272,8273,PT187,2018.0,5.0,23.3975494951676,10.8566688845683,17.1280586423935,2.07169191950693,0.0,10.0221129602806,4.18067469272522,4.81156546151711,34.6801079310224,0.0,-0.92979974675236,0.303084189517461,-0.287433072843872,7.72594192026683,0.0,0.878044904121614
8273,8274,PT187,2018.0,6.0,27.5847620996005,14.3259392252076,20.9555133216985,0.652936417318672,0.0,27.1296237318089,6.81198668866955,13.8839982129767,2.89232584450229,0.0,-1.35379140869636,-0.25199422551171,-1.00838363011743,7.82490620306789,0.0,0.368647105952888
8274,8275,PT187,2018.0,7.0,30.1747979687975,15.2635673195498,22.7173156134606,0.0301177176708955,0.0,4.77228074562006,1.27314183796469,1.71307016267902,0.0115705028152177,0.0,-0.796595528133169,-0.355748293003985,-1.13787325727372,10.0716527990149,0.0,-0.0551238798043939
8275,8276,PT187,2018.0,8.0,35.858021578528,17.9238799915128,26.8924283997058,0.0285356304692494,0.0,16.2836398912017,11.5584638413178,12.028093607854,0.0159176096286333,0.0,-0.41094525409843,1.02429852773067,0.529499899633082,20.180595593251,0.0,0.0862766861902721
8276,8277,PT187,2018.0,9.0,32.9281483717331,17.3235419550664,25.1261836336586,0.495053782228572,0.0,8.92028359601926,2.68908525192222,4.30803666200879,4.36130300419187,0.0,-0.79988226645026,-1.19869684578546,-0.772953940869111,17.4679084763235,0.0,0.382045524175862
8277,8278,PT187,2018.0,10.0,24.1166178706148,12.4192914340752,18.2665541943891,2.25530282739958,0.0,32.581316570879,7.43003606478508,15.4444554478517,17.0762873521157,0.0,-0.494850337229909,0.832648506779843,0.0393218045889037,3.119088683822,0.0,-7.30325278288608
8278,8279,PT187,2018.0,11.0,17.1934691062293,9.05897655286645,13.1264093323431,3.4554829204618,0.0,2.93491868815753,7.18182449074883,3.32239858212984,31.2920106066874,0.0,-0.713946957570562,-0.526545666665643,-0.909020990739246,3.56122310840217,0.0,3.37313824779317
8279,8280,PT187,2018.0,12.0,15.8947336331535,6.44513700629687,11.1677228348438,0.65200970743731,0.0,3.16627621432021,3.69040475363796,2.33856613866867,3.92521843659504,0.0,0.0224019166096205,0.185419937051053,-0.890960066879101,10.0491001237849,0.0,-0.0044018642127522
